key,source,target
a30dfbbdcf4756f616c58e08bcfd381e81b86ea78f6cc743db3c4d8fdc2de537,/DOC99000,/us-en/NEW-URL-DOC99000
4841a09c9f224ad172f8b36aabb6d05bba3eb44b8497405fe4ab41fbbe241849,/DOC99001,/us-en/NEW-URL-DOC99001
71a34055aab6d6320d67cc925aeceb325e256a975be38a1cdfc9cb45acc412d0,/DOC99002,/us-en/NEW-URL-DOC99002
d7e351f3eec4aef4a9b586e58ef3e72543e7fc23986d9b7bc5ef1f6f3369b008,/DOC99003,/us-en/NEW-URL-DOC99003
ac277eee905f6042f02ba719d7ca5365047ee51aa37074db4a07278dca7f19a8,/DOC99004,/us-en/NEW-URL-DOC99004
5a0ba8123b19885911b96b44f8c290d67343df8c6c95e5a333ca782df722ec33,/DOC99005,/us-en/NEW-URL-DOC99005
842a394e92ca5b3327ca5567bd2ee95d40249351f0644f39614d5fe4f4e9f417,/DOC99006,/us-en/NEW-URL-DOC99006
ebc68969e16a2ba258012583f1cec1b055510f631ccc1b88bf344384edf9ea47,/DOC99007,/us-en/NEW-URL-DOC99007
422261779d1d722376ae1766e972c805e75331d482adfb2409b83bba928b6810,/DOC99008,/us-en/NEW-URL-DOC99008
7525afa896f035ab87be18c26a369c988bf1700c5d451bb70d979c9c67a4185d,/DOC99009,/us-en/NEW-URL-DOC99009
075466d5f6433a1a7c2d508b5523548d9d162137548d0491ba3d7ebf7ef1fc49,/DOC99010,/us-en/NEW-URL-DOC99010
c5b44b41a2caeae87a1ac154dded4260f85b749dae5ba8418172a5676df97497,/DOC99011,/us-en/NEW-URL-DOC99011
eed4dce0c6ad88135d3baa44db7134d1c1e9f1220cf6b77a9a821ce2b0568f16,/DOC99012,/us-en/NEW-URL-DOC99012
e1bb5112c21e1deb610e249143960167787e3d57cebfbd7023d3872b561a80e6,/DOC99013,/us-en/NEW-URL-DOC99013
388a371441f9daf6661d1767267b5643bf0dd34dc9a45aa6fd4b87335b08af1b,/DOC99014,/us-en/NEW-URL-DOC99014
96193aeb873b6ef9a3ff97e7c738827f1fd1fa017aa5a346689676f3aed0a5cc,/DOC99015,/us-en/NEW-URL-DOC99015
3f96d1866522cac9b5c5b1bf9483e394a28282386f653630c382bf4ac8b8b990,/DOC99016,/us-en/NEW-URL-DOC99016
213f024fe82a61700640a26d10c47ed7425a64f28f3607fc3192a8f743d6e47c,/DOC99017,/us-en/NEW-URL-DOC99017
d7e7941482f06b289a6ad973af99e62019fa82f3c9102f693e88b0974e3ad232,/DOC99018,/us-en/NEW-URL-DOC99018
df6b533289479fef550e53a144fea961510f683e3ca09c828645dc98cbd94993,/DOC99019,/us-en/NEW-URL-DOC99019
4ec50cd0f5f1e92b4dd42d65f1539325bb4f37bbbb87dbc1c0919d24a19fce74,/DOC99020,/us-en/NEW-URL-DOC99020
cf2589de0e1844f49d8cd8f78616937b5dabbb9e9f20e97e451691d06329b995,/DOC99021,/us-en/NEW-URL-DOC99021
9460776c8295ffce08d20fad58bd41495dccb30e6b588dcb7db3eb1e37492ba3,/DOC99022,/us-en/NEW-URL-DOC99022
80fe77c6af78eeab2a46a3a4e519e25e09da187f17fecfa9f80249fe211d984b,/DOC99023,/us-en/NEW-URL-DOC99023
067e3bd0c5d811cdb61bfab6a5f9daf64b69da8550cf25bd1aa376a28e1083c2,/DOC99024,/us-en/NEW-URL-DOC99024
4644f53eff634aa24d392d3524d31d0a7b356612936414446e9c0000b7eddcbd,/DOC99025,/us-en/NEW-URL-DOC99025
6b165d7bc87daa97e0bb408d5cc04699cbbd46d016332b33e6d69d1df462bec4,/DOC99026,/us-en/NEW-URL-DOC99026
ce12d268385e5650936c6292760f034f03a1f5da59ac18bfaadf87fa5ebb4af1,/DOC99027,/us-en/NEW-URL-DOC99027
61878201a95f44e2bf086c94c01b5982d1f30ffe6e9bb24f6f6391ef63953b6e,/DOC99028,/us-en/NEW-URL-DOC99028
784c70a502945bf4b37d2933c7edde3d96cb63bdbde346706f84c6e9b3976cd2,/DOC99029,/us-en/NEW-URL-DOC99029
84092a80e6436bfe9a0cd861829677cbf20bba7a45655f26ade49a4d28a20772,/DOC99030,/us-en/NEW-URL-DOC99030
c4d104af10b966adcd69e5cb4b208bc76165f39c5ea128ec35b12f99001f7742,/DOC99031,/us-en/NEW-URL-DOC99031
00822ad8a326d61f0fe36383593d3d6437beefe0cda5aa6228051e3489118529,/DOC99032,/us-en/NEW-URL-DOC99032
8caf2fc6a70229df308372c7e244ea3c4ea61c6023fd5fcab1a3b82219c45ab8,/DOC99033,/us-en/NEW-URL-DOC99033
0b402173f54e04d883d145d1dae8fe40a068c71cba0f9b5cd27586cc1409cb4e,/DOC99034,/us-en/NEW-URL-DOC99034
1b78dd7307cb20ac6adb835cc27e385ff010872d51ae6cead4a4986e34780291,/DOC99035,/us-en/NEW-URL-DOC99035
ee1e0a7994656b312be96b003a20c0ed447eeefae82154dc67c641162432d39a,/DOC99036,/us-en/NEW-URL-DOC99036
d1c4cba1274d6ea5984d985c7300c267a50e90bfe502ce5c090e4169109a8521,/DOC99037,/us-en/NEW-URL-DOC99037
b0396f9d5bc60ca74c9486052942a9075984444cb7e9328a0fdb9032bcde6b03,/DOC99038,/us-en/NEW-URL-DOC99038
5bbdfb6aacf2233ea42cae1f5974b7a2b3654ca54e26e711bd498481e67c64e1,/DOC99039,/us-en/NEW-URL-DOC99039
da6e83023e4e0cd568136709eb4adbe17b3415d02be386dbaa953e230aaaa18a,/DOC99040,/us-en/NEW-URL-DOC99040
af1af66b644a6c2a9a4da0b1c9ea9712f8ee86f3768509930efe617dd70cf3ac,/DOC99041,/us-en/NEW-URL-DOC99041
562e7afa6561f9f23d38a8199a056914d798de8af6bb0cae958818eb290964ff,/DOC99042,/us-en/NEW-URL-DOC99042
2ad243ff85f65960435020581a4315b3687f9b10822997416e3479cc8498df08,/DOC99043,/us-en/NEW-URL-DOC99043
28f9e28e277e4b16d0ea50fe0e6dd32a3be03cfabdf47d880e20009e421c2411,/DOC99044,/us-en/NEW-URL-DOC99044
3ce1313ccb0f9633b0c74ce213922295ac1bd115ddad4ab36f7b7233bf0017d6,/DOC99045,/us-en/NEW-URL-DOC99045
430bc36331278d727f2c5aebc4c09295eda3249882dbeaffdc9b7bd9c6cd543d,/DOC99046,/us-en/NEW-URL-DOC99046
0224bdfe18749a2d4fb934f6258cbf1aa4d53f1f0dd38c38ec5062a8221bad5a,/DOC99047,/us-en/NEW-URL-DOC99047
de5ea897c9f3a3a2b58cf275b5e69217b77e66bd957bedabe8bdf887f9095dd6,/DOC99048,/us-en/NEW-URL-DOC99048
2d81ac90d341c8c17267cffada4a4e270e65f407955f9acd29de841ace8e9f23,/DOC99049,/us-en/NEW-URL-DOC99049
26f87a9488bc0d97122376a8a9616c479cfacd4df131bcb0d2afb45d212c6fd4,/DOC99050,/us-en/NEW-URL-DOC99050
6b06343b3a4a43ac2a05bd23b724de54e05d1bec5381c46c38e976ce48aa26f7,/DOC99051,/us-en/NEW-URL-DOC99051
7f2fca260f19c3ea42e0badfa4745df838124cc7ef796edbbb4d6c23fffbd21e,/DOC99052,/us-en/NEW-URL-DOC99052
d868e18e8cbb25b173ccf87a69f54a02e3505935b6cb105753e1bd379664c785,/DOC99053,/us-en/NEW-URL-DOC99053
7e571501ab575ad8ae64b8867d63954a8a7d67335df332f0eba84e6766980d69,/DOC99054,/us-en/NEW-URL-DOC99054
fdf313316738f94b084ff4cfadb48ce8c7c0481cb5cbc440d495954c56bd34bf,/DOC99055,/us-en/NEW-URL-DOC99055
58657e8e0e63cee48219ee6dad1b5a1ae4c81b005b30cff78fbd055be06beea6,/DOC99056,/us-en/NEW-URL-DOC99056
2f23fe408e4bbabf01ca77607a7fd70ca3520b8e63db0fb56777833ceef2a817,/DOC99057,/us-en/NEW-URL-DOC99057
613cbae82ad2000df788d631a8f69e2653b4b069c8e9fa577bda6ddcedf43398,/DOC99058,/us-en/NEW-URL-DOC99058
ad18b7691297124cffbd5497c06baf88d28e8230e44c8a477f7ede8f7480d63c,/DOC99059,/us-en/NEW-URL-DOC99059
f590e0110f9a3218c1544395b7ba4c63d78504bb8109b31b732a763abca82950,/DOC99060,/us-en/NEW-URL-DOC99060
57a4b1b2fa6ced87db9e5bb67fd05ddaaa9052d08370dfb07d7b3ceb9df3db83,/DOC99061,/us-en/NEW-URL-DOC99061
9dc0feb22deae3d9a5982ba72377ef492939ea48f1a40a01915fa07ade0760f6,/DOC99062,/us-en/NEW-URL-DOC99062
5e90848640999ad0f9a07179748158f5ef0c181a64d81f8bcf48869b0d48f496,/DOC99063,/us-en/NEW-URL-DOC99063
27f1c6ef4f64b3adaa578040abf41b53c99326d6ea950318449f0c15d33bb33f,/DOC99064,/us-en/NEW-URL-DOC99064
b383d2286517ddc899d249a9928e4b67ec384ca904e4e8a993649275202ee0e6,/DOC99065,/us-en/NEW-URL-DOC99065
f9c4bec307418d39a71bd162fdb861b1e45ac45a39f64a8f47f82de9c4fba50a,/DOC99066,/us-en/NEW-URL-DOC99066
31fd670560e76634e5dd0a4f8e466bdb7225b83add701363e15c33bc3ce9f50f,/DOC99067,/us-en/NEW-URL-DOC99067
191144731fba18fb2a33ea71382e5530ae24e58a9cf27f6c48290ed038827f8a,/DOC99068,/us-en/NEW-URL-DOC99068
b6893ef9e70d4790ce6d82229c8e537938aa7deb483c32694364e98c60c57bcf,/DOC99069,/us-en/NEW-URL-DOC99069
db379cb7a34b9f81fa9f81526c1cc8d165b60a9f7bc9cf33c6c22013a2c3aa4f,/DOC99070,/us-en/NEW-URL-DOC99070
b17ab8871a920f97a806cfa671b51a54bcd81d883077f41d51d14fb93b1e6120,/DOC99071,/us-en/NEW-URL-DOC99071
a4c5b37a345c83d298160f98e2fc302525f06e629ba62fa8a0e1a577efde9f5d,/DOC99072,/us-en/NEW-URL-DOC99072
8bf46cbb6ae8aa421a428862bd3548778a9de147f0fb5246da46a4d83224bbd6,/DOC99073,/us-en/NEW-URL-DOC99073
5ba00453269401136116cb94e721448361dab1ba31a648df73838615d305ab06,/DOC99074,/us-en/NEW-URL-DOC99074
4a3b1794fa70162f1709c762189afb4e6feca41c7f4f75d25df0a1e1a65f8651,/DOC99075,/us-en/NEW-URL-DOC99075
ff46c68723197f1f54544ac77a7a93406884e84d9d4635669a5bc42b524fe3fc,/DOC99076,/us-en/NEW-URL-DOC99076
212461f2f1601a0ec7eb6ff922505c92f22a7b811190f21308cc615dc6fa3f86,/DOC99077,/us-en/NEW-URL-DOC99077
5cb779106a1a4840d34d063f9751dc1027452226d522552ed375c6a324c9c4a9,/DOC99078,/us-en/NEW-URL-DOC99078
4f9b98893f25485a283c2832662df6a459b4021a0aec3ac207993d641c3592f8,/DOC99079,/us-en/NEW-URL-DOC99079
5051e299d2b03fa41d662537c525663c6c13df7cc3bec72dc5d45e4bb1304ae3,/DOC99080,/us-en/NEW-URL-DOC99080
369bbcd4c414cf69ff3f51b997ba6193b083577ad5ccca904c376da2928ea4b7,/DOC99081,/us-en/NEW-URL-DOC99081
8a3e55399f0e17a08765fc830c484e21672221c00a4fa1075a0f04379757bf81,/DOC99082,/us-en/NEW-URL-DOC99082
d2e13d9971434705c6f4f901d9e01f6b3162c14f4d66a4072a05f8b9bb066df4,/DOC99083,/us-en/NEW-URL-DOC99083
e80f4b18564cfd7ba1cc24fe1b02a4a8e3c3e2b57654e3684a3551a7565a0dda,/DOC99084,/us-en/NEW-URL-DOC99084
a03b2d6212f22b17fc46e474bc6463cb0e93d2b8681d2685fdd2e50680d832e2,/DOC99085,/us-en/NEW-URL-DOC99085
7574eb5281f569a1abe81e40b55e8037718348d1860f08051d339d2532abc870,/DOC99086,/us-en/NEW-URL-DOC99086
0cee6d6115761e6a4f414442f37c20738264da051f61a4f925ca731072a9f1a3,/DOC99087,/us-en/NEW-URL-DOC99087
d450bda91885fa5f61c9e531ce5e1b50c2cd83ca5abe9e5e8c7d56406933e822,/DOC99088,/us-en/NEW-URL-DOC99088
709ca43f870817ff43f2785bca8a9bfa2d401644ff8926ed14ad0c6824eafad1,/DOC99089,/us-en/NEW-URL-DOC99089
69320d5f606f46993bf19596a58349aeac91187aae0e0b72895e9f3b4a9fe046,/DOC99090,/us-en/NEW-URL-DOC99090
a5ec1a86bb07c358d32ef6518701674a628f37a325d2027df085b1ea845ee2b4,/DOC99091,/us-en/NEW-URL-DOC99091
701e025adfbe6a8523800725d8a88931c685fe512c0fd08d0cb4826a67addbd6,/DOC99092,/us-en/NEW-URL-DOC99092
d43b568c63d77a72d5d7e16734e5f74aadd27cc3b9f940cc4742f9c3a3f3e6e3,/DOC99093,/us-en/NEW-URL-DOC99093
e29dfc04191ed2f642c3ea05810d16977ec1c36a608921364284d7b7b7d848f3,/DOC99094,/us-en/NEW-URL-DOC99094
f02ad7a20f1c399a6203591be53a3773843976ed5078ffe124c920fdc46fef89,/DOC99095,/us-en/NEW-URL-DOC99095
b8e5fe955373bec4c74ae081217ef32b53aa6039818198ecf60b7c232b30d552,/DOC99096,/us-en/NEW-URL-DOC99096
9d6c037a4af4ea2620982eaaa7f56a312c4b55c4819776241f9990c46825d183,/DOC99097,/us-en/NEW-URL-DOC99097
accf4f0f82d71cf133f538d7ccdb8a0c1d7d42d76e0d55718bd42c4a09fb81d0,/DOC99098,/us-en/NEW-URL-DOC99098
26657547489a0e40ec6f45a1e4b8aca585ad8b01fc987fcacb49ca860723616e,/DOC99099,/us-en/NEW-URL-DOC99099
9f9eccd218b0e0d121ffdef174e0355efd1375a5b3bdb75f16208cc59f5c1992,/DOC99100,/us-en/NEW-URL-DOC99100
431df947cdebbc040ef7216c7210cd5f049f833d046232c37035d507c59c81f6,/DOC99101,/us-en/NEW-URL-DOC99101
b98ef2618a888a8cb073a6cd404ebba9ac8d9f03df4fe60fc5f5b4c55429986f,/DOC99102,/us-en/NEW-URL-DOC99102
acd8429dc5c8e56d1739eedf76f07bf68acd7193e8b3f1373b8fea1dbb083076,/DOC99103,/us-en/NEW-URL-DOC99103
6028e89660a71dc8165f465631cc18674e7d5735ba7c5128f493e7586b8356db,/DOC99104,/us-en/NEW-URL-DOC99104
f7bf5b04f55392621dcf4834d9117101f445c023175f2d8114368a1735bbc796,/DOC99105,/us-en/NEW-URL-DOC99105
219b314c717e88379889a15b4c940a25de71eed853212d96a0ab4fff917433d5,/DOC99106,/us-en/NEW-URL-DOC99106
c37fba61f4b1dd55127aca72f0076104eab3709a67426fe5d05b068e9fad12de,/DOC99107,/us-en/NEW-URL-DOC99107
7c1620b7b7ad91c07f7134bd6889966b8dbb34b894454b36fc057aa32aca398d,/DOC99108,/us-en/NEW-URL-DOC99108
f95f9ad343a3b69c2b7c98e8915f2144adfb50c2d40a0810130a42ab3522a9ca,/DOC99109,/us-en/NEW-URL-DOC99109
3ae3a87cdff4ba71f7a43808286f7b468a5bf04f55d15767eddd5fbfeba85cdd,/DOC99110,/us-en/NEW-URL-DOC99110
b2f5a5637c1e48ade686a3a7453bb1fef6f82ec92d45b5bf935d2860b7a837b4,/DOC99111,/us-en/NEW-URL-DOC99111
28795129d5f4022701508c69b5064bfda59a77b29e96b55f2ae082112582496f,/DOC99112,/us-en/NEW-URL-DOC99112
bbf53d9c8f055f460a709d3d59342eeabe5f592ed1686484f4951978d67fe85e,/DOC99113,/us-en/NEW-URL-DOC99113
0cf612d23c10e6327b38b3d39b48822e1f8cde51c89696a9ba9053776b8fa271,/DOC99114,/us-en/NEW-URL-DOC99114
460c9b67d01019851ecd84e929f3579343468dc506d032d01e4011bd02650d5f,/DOC99115,/us-en/NEW-URL-DOC99115
9623a8b91353789126299878243592c62c5c7e05e49ea5df4422f92c3e3b814c,/DOC99116,/us-en/NEW-URL-DOC99116
bf6de81d4de090adcd10f470ab91f40071c8048616b1098b7071aaea4406099e,/DOC99117,/us-en/NEW-URL-DOC99117
1593f5964d0c91a09c680ac23b1f71388d417d6820cdd286a19c760db8da7fd7,/DOC99118,/us-en/NEW-URL-DOC99118
75a9e99273f227d1319e11eabd8366bed023af66f0b2b802ab2c7885c668aeb9,/DOC99119,/us-en/NEW-URL-DOC99119
f73874c4d21fb13c42dae81525d8c1b1e7ad1bc0c1a1b5302f8e7ae5ecad1d3a,/DOC99120,/us-en/NEW-URL-DOC99120
bb8e5ede24c0d447be865e10382bfa8098d05acd220460b586a774ba057215aa,/DOC99121,/us-en/NEW-URL-DOC99121
d08b0978b32af91190edd56651f011600a8fbef3b4443da448e2007b2da8b2db,/DOC99122,/us-en/NEW-URL-DOC99122
27b654da4c027fcc149f45ead8d14e4d0c0baed6afd4fc718b89c2a7aff279a3,/DOC99123,/us-en/NEW-URL-DOC99123
b78e636ef068307316fa9e70960190a8ed20d180765143e2cf8c4fd870ae5051,/DOC99124,/us-en/NEW-URL-DOC99124
eed6f3d8d97d2351e780b67ac4f192e1d02157d03d6de69adda8e693dca4cb73,/DOC99125,/us-en/NEW-URL-DOC99125
f45ad1883adb54e68c3a0ae314505ecbbac6cad9ed1dc9bc78f39b9236b7f342,/DOC99126,/us-en/NEW-URL-DOC99126
bb261af2b124af5b8c08f093bad19859d2b464a823e4bda255f099f91ef96926,/DOC99127,/us-en/NEW-URL-DOC99127
ba1cc3e6d049d8979a90481275f426fea902c32c4999d9d60658cfa70c0a55f3,/DOC99128,/us-en/NEW-URL-DOC99128
2a2b5f4632dcb05c6e9505685bc71013396701d92826049e91e268c72356783c,/DOC99129,/us-en/NEW-URL-DOC99129
8c3c2c1187c2a4f6d113eb3015c64ba078ae16e6c72e00cf9f02499d4ff2abfb,/DOC99130,/us-en/NEW-URL-DOC99130
0a291476aa9314cee431f138855bb375e4ef869ed07f525c8ab793168789f505,/DOC99131,/us-en/NEW-URL-DOC99131
a43c7ed8933823a292815efa0bbe813e70abeb66d5ef576bf8f0f42192304c88,/DOC99132,/us-en/NEW-URL-DOC99132
96a349d1a827a8c9c22ece77c8d4e945d5bad3acc408dbaa981db542ab88332b,/DOC99133,/us-en/NEW-URL-DOC99133
108ed1179ca3f4b976c53b32ed0897f97a0eb82430be25ac9a270c2df391e941,/DOC99134,/us-en/NEW-URL-DOC99134
90aa7a5be133182df4e386a8b65552628c264e9051c31f09b83414eab0b26dfc,/DOC99135,/us-en/NEW-URL-DOC99135
6ba09fe484bb10508c7a629e59c22a60c1abdcfc1765a56a7563d0c7c78d8f28,/DOC99136,/us-en/NEW-URL-DOC99136
04202621257f75c8525b608bfd59b9eada7816304a14e5a7f570c29253e91575,/DOC99137,/us-en/NEW-URL-DOC99137
109485baae760c4a6816e1d33f68910a2655ef56e84b06bf35c5089303937eb5,/DOC99138,/us-en/NEW-URL-DOC99138
8c6087ff9c6e6b1e6589ba0d5d59b8c9219cbdaba08ed9395fa670713cc52569,/DOC99139,/us-en/NEW-URL-DOC99139
31efecad26142a4f10e13281ab6451627d32218d6e87742ddfa7573ed1f43024,/DOC99140,/us-en/NEW-URL-DOC99140
4222fa674d855e98df5966499b72aed0551fee2845c8704d4023bcfaac98be87,/DOC99141,/us-en/NEW-URL-DOC99141
d8b61e61bd89170f83b13178c6d4019a67cebc7ef6f92c6ff04fd43f2d819e25,/DOC99142,/us-en/NEW-URL-DOC99142
6517c2d0d103aa7ca5dd3a003f695532e32a824ec7cfeb76abe057e09aafff91,/DOC99143,/us-en/NEW-URL-DOC99143
cb2edf7952e08ab71ef54473e555b2e60094f63de947513628df53b59021934c,/DOC99144,/us-en/NEW-URL-DOC99144
bfb9f70931c9669565302d09e6d97a92dba3dadd581f7868e57a8dc225e31087,/DOC99145,/us-en/NEW-URL-DOC99145
e24bef5b0134e474bdd6187292e857a98c3def25c3d52f7589aaefbc166907b7,/DOC99146,/us-en/NEW-URL-DOC99146
81772baac7a1397390585073a8db9905a25f1197e778ca252188f77a50876037,/DOC99147,/us-en/NEW-URL-DOC99147
4aa9526590a5cb8bb2e18441121260805bc63401b8469e1d95ddfaa11467e3ed,/DOC99148,/us-en/NEW-URL-DOC99148
679c324b86a33bc4630b94d6506c979d9596234256dfd5d9c263bbcc4693c887,/DOC99149,/us-en/NEW-URL-DOC99149
9f07c979d9c7b56a7750206f864bceaa404ecc652f6207457de10c7699fc03b0,/DOC99150,/us-en/NEW-URL-DOC99150
089ca0ed5615ff643875736fe82dac445c82ec1c378e3bbfc946bf0dec5865ff,/DOC99151,/us-en/NEW-URL-DOC99151
9daf01d1a389f3085c2fc36f8a9a5cb540712ea14ed990099be0dd1eda1cf0a9,/DOC99152,/us-en/NEW-URL-DOC99152
82ab37b2dac38000414cc58d7142cd14d86b8ff4d1e1c4cb96465424268e7f04,/DOC99153,/us-en/NEW-URL-DOC99153
27e4e6e4b9c315d6d67737949302cc6feeeb9d02c150d5dcff25f310e621e518,/DOC99154,/us-en/NEW-URL-DOC99154
06fbd1bdfb20c317a25593c6cb2dcf5364a95665fd635baeda5d24248f4411a3,/DOC99155,/us-en/NEW-URL-DOC99155
926d9a1cdbbd2fc2b6ff97779fac554e29ce6c991317faab49108b87a2654ee2,/DOC99156,/us-en/NEW-URL-DOC99156
79fb0dc9cd8bda9a353a7c39f346b2e583780e9562c5e7e0e579893cc3ff7835,/DOC99157,/us-en/NEW-URL-DOC99157
0fa514deca1c486eb5aa04390edc04f3801a3b863eea007ceeb2169beb8237cd,/DOC99158,/us-en/NEW-URL-DOC99158
5b61fd604c9fa68bc5050239e58bd9d0decf940595cfd7b5247f08ae49ba3f97,/DOC99159,/us-en/NEW-URL-DOC99159
dce532676e75367852a894fe746ba0b9677d10068874c445c43862f32202ee99,/DOC99160,/us-en/NEW-URL-DOC99160
313b1de310e25387a5e45f74ba047a44d3630f626c4bbfc0f25a1b63d5654bd5,/DOC99161,/us-en/NEW-URL-DOC99161
25d474fc9ed24beb161c1bdc5f9301e8a969a563306f237643aa3157f9c5c88f,/DOC99162,/us-en/NEW-URL-DOC99162
66bb76047deed7bb941cccc9238277bcb6020e93165e7234d31dbc95eafd4564,/DOC99163,/us-en/NEW-URL-DOC99163
70075eef8de996756e57928bf39ab2ac80f9153429a8eead8398c248b552c9f3,/DOC99164,/us-en/NEW-URL-DOC99164
4b52924d6678b72e5d62e06307afc89595b70839108c2cef21d9c0f7dc9c6abb,/DOC99165,/us-en/NEW-URL-DOC99165
619963a022d3e9eac920cad1d43fe51b6fb604f6c11a2ad46b5782502e17eeab,/DOC99166,/us-en/NEW-URL-DOC99166
c6c164d0077aba8e6d7906933e1e4a720bcf3a67bb03a960667c0ba040ecf4a3,/DOC99167,/us-en/NEW-URL-DOC99167
72b04c84881cb94a02dd83395a4de07032f833265efec0ee164ca3ea10578561,/DOC99168,/us-en/NEW-URL-DOC99168
61de8579acd6ea51d7e14443099ad4407108e7f148a2570a0b5d684453592a48,/DOC99169,/us-en/NEW-URL-DOC99169
97b2d8ff80e97a89dc2bbca392c9b83999d45371fdf8671c38579ceb554f92e1,/DOC99170,/us-en/NEW-URL-DOC99170
9b1a7cde94549962c2168ad6e272c528e9da4c98d1ca829acba8e34536cf5022,/DOC99171,/us-en/NEW-URL-DOC99171
f1f667b81311d70e01ba386c1266d76f59e40512ea537de0e1171cf5087b46db,/DOC99172,/us-en/NEW-URL-DOC99172
4b94f218775b89054b4c6495c56e540bc6d1dea27afe7c5a513d468d9cda2f26,/DOC99173,/us-en/NEW-URL-DOC99173
c86a8e125a40a2a3b94ac965050110cc2cddd789953b5ac1aea87cf3ab04e23c,/DOC99174,/us-en/NEW-URL-DOC99174
aee3249ae0fe2e5e5309918bf30080609bc9fe0be2c687974c59933d71908ddb,/DOC99175,/us-en/NEW-URL-DOC99175
43d683ed1235fd2f736aeac6ed1747bd7be0fc087c4006a7a658251c88a71ca4,/DOC99176,/us-en/NEW-URL-DOC99176
67d0d74e265f8837e33a228f72f395f00c56688a277950023f9219257be535a0,/DOC99177,/us-en/NEW-URL-DOC99177
16b8f6298b217d98fa581eabef6a8d50f02a50b27e9d407a49d67b56c41aea3a,/DOC99178,/us-en/NEW-URL-DOC99178
49da8650a585ca2e9572a9ec40550c680010e53f5b35d1313189ba02e44c04b9,/DOC99179,/us-en/NEW-URL-DOC99179
da53f50d4028f3b865ae2c0aa23aac4edc289292ae577a4b446f75b71653e86e,/DOC99180,/us-en/NEW-URL-DOC99180
eeb85ade442b07dd2aa9e573aa35bee8f1f4a03d35b7bb6150e9aa6f49a2166a,/DOC99181,/us-en/NEW-URL-DOC99181
97fe6aa2f07be7d5036bc802b8b859566f3fa00afa5cf03450c441fbba6b6f9c,/DOC99182,/us-en/NEW-URL-DOC99182
0f58a1fb32417366f97143f698237ebc69caaa5a5cc58357589e67f04ba8fd9b,/DOC99183,/us-en/NEW-URL-DOC99183
49856ba226fb3ca0c851072697f854dfa3a397a471bf9224e6cdbbe4c7845d3e,/DOC99184,/us-en/NEW-URL-DOC99184
1a5ba3654aecd931e133005bdf30ca1f4e880c90177af26847d4a7fc5cf02349,/DOC99185,/us-en/NEW-URL-DOC99185
0ccd920451cd43e4fe0c58a504cac52a7a570c1a61ffac7b3dd12953fc1938a3,/DOC99186,/us-en/NEW-URL-DOC99186
615b3e58fa4d28c068001dcf261da08f8e36660ccce0a1b788194f59a19db698,/DOC99187,/us-en/NEW-URL-DOC99187
af3f06d0c1dcbff81d43ef73cb59497a4f9fcc8e557ea57d0d66064c38cea0ff,/DOC99188,/us-en/NEW-URL-DOC99188
7f59fed7616be4ce1340a938f5e26362f881f6ddd3d2e4ef657b4428a37b40f6,/DOC99189,/us-en/NEW-URL-DOC99189
28ed21edaeafe3e48b4ff41978c81fc85c97acf8f9429413a719ef4cc1b42a40,/DOC99190,/us-en/NEW-URL-DOC99190
14e750686546af445088561d1fb9d3cb3ac7f6f59eaec55813d5bf5fb59e5599,/DOC99191,/us-en/NEW-URL-DOC99191
eb85539c3e0687f9b489e83f63d7f6f5c929e2af6349cace829ff134735c50fd,/DOC99192,/us-en/NEW-URL-DOC99192
3391166cdb76a5939bb9f4622e6f6dd4f539aa16b477853f0cb530712bf6f887,/DOC99193,/us-en/NEW-URL-DOC99193
046e580c26d4cfbea64b4430e17b6191a049fdefe53bab2a14b62473fddfc6b9,/DOC99194,/us-en/NEW-URL-DOC99194
6efb6606a832eff65729ec2949ea814b45b0b778fd14ccba21a7f5e06a754915,/DOC99195,/us-en/NEW-URL-DOC99195
ce2a48dd690ca9d240d87df1912d6221f9c9265beb8af2ab9648b94ae413db84,/DOC99196,/us-en/NEW-URL-DOC99196
1c8c013a0a2d8d69b8c9941e3297beaa3c2da1c53fadaa54eabc468632a29176,/DOC99197,/us-en/NEW-URL-DOC99197
b8923ee8ffa439b9a8bb624d0e1b127e7eb6fb21badd43d3a181f560c49481ca,/DOC99198,/us-en/NEW-URL-DOC99198
ba6249b2b28b6e8d82e2cfb2018e214048e10d3349e5abb3c9de1feeefcdec6b,/DOC99199,/us-en/NEW-URL-DOC99199
02b433a1a8fb2129bb5724ff8d98d03f2bf017c80f588c6e88eee3cbfdc12968,/DOC99200,/us-en/NEW-URL-DOC99200
74ce1376f81fc86e9bae27283ae41dc48f8cc2750397eb315fc4fa3c48233087,/DOC99201,/us-en/NEW-URL-DOC99201
cb476828649dc58fdb696f1ced17372e7a1fc43eaa0cb48db2f297a46431150a,/DOC99202,/us-en/NEW-URL-DOC99202
168e5054f0661e5f46e70e764f07b60fd8ef9970bf6e8db2d4f3956e17b5053e,/DOC99203,/us-en/NEW-URL-DOC99203
884dcee9200e26a1bfb1887f84477518880f786a1a67ec628bb352465752ad5c,/DOC99204,/us-en/NEW-URL-DOC99204
843ab4c7588f28dd4a44a09e96d8e679178ea80e81ffb0bd43e308c9a1f0cf17,/DOC99205,/us-en/NEW-URL-DOC99205
4aca3f4621cecb2ccf757ee5cf03063fd395244007de7bc01af691666fb6a2d4,/DOC99206,/us-en/NEW-URL-DOC99206
2a8b262687cf772b90b525625207d47a124f6824db7ea37b576e5d299cfb5f71,/DOC99207,/us-en/NEW-URL-DOC99207
95fa6fd6ca92af5faa3724be82198ae73db021fee1a7c394fd3cdfebc298ca26,/DOC99208,/us-en/NEW-URL-DOC99208
64dd1635280608ccc3a474e1fbde13c60151628f851096d36e7f8081c624fd7e,/DOC99209,/us-en/NEW-URL-DOC99209
57f8223fb2c263634981fdf7443bd750041f3b9300e69fdc2a3bc3707cbdcfea,/DOC99210,/us-en/NEW-URL-DOC99210
60aa90c6c2e85dc447bb91331353da088e8e24c03425fb381f6b8bd9acf865a2,/DOC99211,/us-en/NEW-URL-DOC99211
e1be0e3d1272c2d41d4de7226aa57e8b37e0045157c2db0166fbf662afb8d451,/DOC99212,/us-en/NEW-URL-DOC99212
34e1b33ff91cfc62fe81d598d4979f773647bd35554a92727c6999d516e987ea,/DOC99213,/us-en/NEW-URL-DOC99213
e1b6f17165ce3b1a96fde49cbd8f32114b2c45f734f649c7c844ba10d1c42a13,/DOC99214,/us-en/NEW-URL-DOC99214
0a2e2e4bc19051a2e40c48166e81570672fbabb07bf7770b98c99f37777bc43d,/DOC99215,/us-en/NEW-URL-DOC99215
2d79aa3f60fea34fb053439937b7dadc76c4ec0dfb2f7570e0875c73d1477367,/DOC99216,/us-en/NEW-URL-DOC99216
e4388af074bcb962d7e38f17d68547242c52c9e833677702e8adc3dee46f3c6e,/DOC99217,/us-en/NEW-URL-DOC99217
7e6717018026b5cead7d6a814c725a067b680320a29bcce988b9845cbcb6aaa0,/DOC99218,/us-en/NEW-URL-DOC99218
5c84d931c1c0ecc26158accbd2864d4d8d7e003222160bc78ccdb6daab1bf92a,/DOC99219,/us-en/NEW-URL-DOC99219
08f16513554e333197da885fca7bd2b94f9d357f92ee6eb97433f1a6716554d6,/DOC99220,/us-en/NEW-URL-DOC99220
8aae8665826873e85ad4f6800d37f8949e72a5f12994ba5e46cf6d005ad6d7c5,/DOC99221,/us-en/NEW-URL-DOC99221
a6bb8fe54078be351e8ea819f717ec5704507eef122bc663788dead6d99e9424,/DOC99222,/us-en/NEW-URL-DOC99222
e648d1a8e8bb976c6179b51d00ee652696ec1b6308dc470326edaaae664011a8,/DOC99223,/us-en/NEW-URL-DOC99223
f5e4ff8012eb41253c5f25197a519a7eef88ef9310e588de0d3c969c8c884ad0,/DOC99224,/us-en/NEW-URL-DOC99224
7eca1dbe7359541e16bf89f2b1b47372429b4158b3c4d9c9fc24887af5f1ff82,/DOC99225,/us-en/NEW-URL-DOC99225
0b6df9d99636bbf3dc3c637f8cee7066a7e5479bc1c15f341ad3e55817f92860,/DOC99226,/us-en/NEW-URL-DOC99226
9f26a4aa7ea291f04cbfdc856bcef38ec16deacb4bb7dcc0454a98d167fd5b38,/DOC99227,/us-en/NEW-URL-DOC99227
51d6959d492ffa4ac37f5ded54dc0a744107e6231437202b689c3cd6b135c406,/DOC99228,/us-en/NEW-URL-DOC99228
9d079e6f97789e64e995ea938218fe3c1154bcdba409dbc7affbdff245c613d2,/DOC99229,/us-en/NEW-URL-DOC99229
c01bebe85e4b66ae5bd7a42c862c34df5cb5a7927d87d01d85f16b85beeddce7,/DOC99230,/us-en/NEW-URL-DOC99230
8b91d4b36168e5e8a786d169a03a0c20b8dd10dcd0ee091e2bb9ce14eaf9f3ee,/DOC99231,/us-en/NEW-URL-DOC99231
43e66109273820449f4b4774937934bbf9d024ecc2791ba92e987088d5e9bd68,/DOC99232,/us-en/NEW-URL-DOC99232
caacd61abe9647076e55ab77a7e7301144c32c5518d9bec89e9131cd412cf831,/DOC99233,/us-en/NEW-URL-DOC99233
3e219788ea23e82d2932952d5224bd9c1cddaa246d481dcdaa8cef772419e9c5,/DOC99234,/us-en/NEW-URL-DOC99234
6229a16ba77bad8bf65dda4a02c2fde57a3300ba63219c96e07ca369909380f4,/DOC99235,/us-en/NEW-URL-DOC99235
039d8c930d114fa9e42c6970a72a33a09a84505d55d19215d2d65b052cccf85d,/DOC99236,/us-en/NEW-URL-DOC99236
68dbb3347d8fc067fa50f52c8ae52a0233b7d7cd3bfbdc63031b66130d033282,/DOC99237,/us-en/NEW-URL-DOC99237
ce4aefd1408f7d894c5c5cb37c1c50b7b19007fbdf1e9c76c8fc5240fb9ce473,/DOC99238,/us-en/NEW-URL-DOC99238
0532246a120b3c80fa1124930aab62636ac035ccadb12ac929d8f335f45a6166,/DOC99239,/us-en/NEW-URL-DOC99239
142b47c0f48f4cdf58e484a5a39f356efc92e052690132a1dafede66e19b7852,/DOC99240,/us-en/NEW-URL-DOC99240
7cec79743b0f870b166efef816cc4dd35650e085dc21e2486a4e45b7fe07c14a,/DOC99241,/us-en/NEW-URL-DOC99241
d7738109e458bf6d7a33dcce3667e0581f9bf80f093dc3201ba3d1904d80f106,/DOC99242,/us-en/NEW-URL-DOC99242
cafad96384c106f31038e5ac96a1239e3dfc12d722a1731b8e6d0fa78ba17789,/DOC99243,/us-en/NEW-URL-DOC99243
a839d21887ed56dcafe472deaea40a3d138393a15d6ae82c7a0d71ea155a8343,/DOC99244,/us-en/NEW-URL-DOC99244
c048bedabda4747cd10bc2bd981e8c8fd631a38b61196f1fffd13a91a8a1d78d,/DOC99245,/us-en/NEW-URL-DOC99245
4fc38b843200b705e32ff4553fdfb3fddc924598932f197a36c265712f5e5807,/DOC99246,/us-en/NEW-URL-DOC99246
2dd68b4c94d4a3a9e3a779e03e61f8e07980bc15239a6cac05609b7643444118,/DOC99247,/us-en/NEW-URL-DOC99247
5ba60b8d656871bb7c7f5135f98dd30bcca1cd3ada8ef5f3754c1e7d4d375073,/DOC99248,/us-en/NEW-URL-DOC99248
c2411c57449e2cc71edfa7d5048e34bc7ebc5fefb6a6cd0a9cfc24022b33624e,/DOC99249,/us-en/NEW-URL-DOC99249
1735bd6e07c1799d267edce2e23d2c9909912d8871ceb547d1f3ee1a72a7ad54,/DOC99250,/us-en/NEW-URL-DOC99250
cf1ef19c023aef9ccfb65a44ffe13e7074303e015a8bde3c881c476b7fd61800,/DOC99251,/us-en/NEW-URL-DOC99251
89cc7b3a666f56f2ab20910a32e7407f3b3d4bc7454c0f1a869b9daf88e3ee1d,/DOC99252,/us-en/NEW-URL-DOC99252
4b5a2a96fd4d68e7f110b4dbdab1ba04e0760a0f5ac425cfa0988fc4a1e6f977,/DOC99253,/us-en/NEW-URL-DOC99253
4e5aeefe2a514e889f99c14fb156e7dbe2ca9064cf572e20749387e21bd617f7,/DOC99254,/us-en/NEW-URL-DOC99254
dbae5336931b5546fc95141af1733e4639ad0dea16bd912974ec4c8d41f2093e,/DOC99255,/us-en/NEW-URL-DOC99255
6b2c406c11fd41685d5e6819c4d1d22223721b587cf1ee97fd3f1a1296356f25,/DOC99256,/us-en/NEW-URL-DOC99256
d91d73564304a5b813447349ed0020a715ca92ca25b693d07bb0124948fccafc,/DOC99257,/us-en/NEW-URL-DOC99257
b020f131b53d565653eb94e5f723b96150c1a1db9a21f0701caf1af6656e5ca9,/DOC99258,/us-en/NEW-URL-DOC99258
72e9e7cdd2804b8fe4ec5e021e6826a59bfcbb08afa129ad1c25533e82c1f209,/DOC99259,/us-en/NEW-URL-DOC99259
19d09971cae736f64fbb127704ff6e78b97e2b1fe8106048ac7be2ac976e5ff8,/DOC99260,/us-en/NEW-URL-DOC99260
53216707f35c7935382ecd089743bb15c0eb231477f0fc87eb6fef52a79dd4c4,/DOC99261,/us-en/NEW-URL-DOC99261
578731762b98a3e42aa6696b887045aff87794263ac3ff32125389cd7bb35959,/DOC99262,/us-en/NEW-URL-DOC99262
5705d9312f184fc321080bc413904b6d87ff2ad6913365894da86fe3faa5ab8f,/DOC99263,/us-en/NEW-URL-DOC99263
99c8039758b96863aae51fa5496a14a85778ebd48d8896d7d3849211f5ecd0d9,/DOC99264,/us-en/NEW-URL-DOC99264
610b1bbee71fa79b8b3feeaa4d450cf4bab27558bc314f1c596cd4022c2db555,/DOC99265,/us-en/NEW-URL-DOC99265
15861274c83a60beed47285898eb4fca1544e88a5f60352ff31e9e8b1269a0cc,/DOC99266,/us-en/NEW-URL-DOC99266
7910d55857e74d0ac705a496f91c89db86ebdf96d397800d30c24d822f1e750c,/DOC99267,/us-en/NEW-URL-DOC99267
08d55c4f67076a81ed99950540aed63015ea796d3388d3639db4da02616a8684,/DOC99268,/us-en/NEW-URL-DOC99268
bf4b2045aae4db6dbd7b6379412016adf064d30b866b3dd310ee6a224114a5b9,/DOC99269,/us-en/NEW-URL-DOC99269
bd98f658f1ef0606bb1f93e2bce59f008d44d488269156ac14849c3ca0fc84e3,/DOC99270,/us-en/NEW-URL-DOC99270
3597b4dcf428c08061dbc1917b1b867595b9153622dfbde74c7665a7a43d1bd6,/DOC99271,/us-en/NEW-URL-DOC99271
5c83e26794e6afffff9551fab050b0275708f18800bc4851057d1835be91ec99,/DOC99272,/us-en/NEW-URL-DOC99272
d2efd06c640bb99480bb43fe741b67654fb2d83ab1c68e4318a722f81cc8fe66,/DOC99273,/us-en/NEW-URL-DOC99273
aeb763521255e91809b9005e6969db7ee0cfc7bf5126711cc81177103af565eb,/DOC99274,/us-en/NEW-URL-DOC99274
32743ad66d4cd9c582b6434676894319a232e8ba0fbee6d4595696af2768f308,/DOC99275,/us-en/NEW-URL-DOC99275
7902c4b914be519a204248eb7a89f872bc3d81120b84d80a54f8d8e68ba6584e,/DOC99276,/us-en/NEW-URL-DOC99276
21752c762ce03d19bbb28338eb6bbcb11ab98b62ee8d28bf51b362e40e4e6dcf,/DOC99277,/us-en/NEW-URL-DOC99277
20b275f510ab1f0903de8cb67f3e80d7405bbebe45f3a2f6125974311db785c9,/DOC99278,/us-en/NEW-URL-DOC99278
7715dc150481bf7e14e5b3aabd2d9a719b01818928458485b2faee174ebebc28,/DOC99279,/us-en/NEW-URL-DOC99279
670a30a93ecc887b04aca938b9ecd02efbd33e87f52aae0548be783802cc9ed3,/DOC99280,/us-en/NEW-URL-DOC99280
0b9762d8d0958eddc020579abe24b5fa497f9aec21175fdc664154e20da2f50e,/DOC99281,/us-en/NEW-URL-DOC99281
084a19cbfe08dd8d99effd43f3b70b0b527aefcce8ac72ea3f4f44d135ec61df,/DOC99282,/us-en/NEW-URL-DOC99282
5ff2eeeca47497c5d864316636eaabc2b5dac2dec8f66e319ee2c52ee63c65c9,/DOC99283,/us-en/NEW-URL-DOC99283
58fc318b9f18a5ab490980d6861f71dc3c0eecf2025e8d0899c760c3627b127f,/DOC99284,/us-en/NEW-URL-DOC99284
aeee1d746b234c5c256f4fceb8f55acfe0b13ec8177b6701d4789f61d4376538,/DOC99285,/us-en/NEW-URL-DOC99285
2c9335c699a098595d51c940663d4a329a8dc650f0d0bea8bc0663834a774614,/DOC99286,/us-en/NEW-URL-DOC99286
ec0e08ac0cc496ebe66b30cec162e719452274bba304219ec2ca0cfb1839cddc,/DOC99287,/us-en/NEW-URL-DOC99287
41a4cdf1ab2976bc2a9be6dae8c5a4cff0d755849b5e5acbf0860a3ae822dcfd,/DOC99288,/us-en/NEW-URL-DOC99288
e8489f8fc55656e804c9ee6967a2093e1ec185bbf066cc1f0b2870f90464d791,/DOC99289,/us-en/NEW-URL-DOC99289
dc2318718d97d0bb5a6241bc6cd07e2a9006001aecd8dd0227f6d3d5e6707a67,/DOC99290,/us-en/NEW-URL-DOC99290
1155f1957be234771738ac432f1df0eb889236fa407f135c2b71f7774374336a,/DOC99291,/us-en/NEW-URL-DOC99291
370d000fdf26798c2d8d2a76e219084b65119450d7097ed135ac96b7fc6499b2,/DOC99292,/us-en/NEW-URL-DOC99292
4f339d121017d0e9f439189bf8fbc54c6a270af61e0110089eeb1f9d829e41db,/DOC99293,/us-en/NEW-URL-DOC99293
d1c94df424a50671416233c3f05c309e9e9b663f53a6bbb5d971e98871056892,/DOC99294,/us-en/NEW-URL-DOC99294
69f90827ad01457dd92adfb89c7832e4ee3b5d0667c48fc3d76e1d05c4a7eecb,/DOC99295,/us-en/NEW-URL-DOC99295
68673a5bff0cd492fd0164a54dbb0c318d67405fa90b86289593a0292265f64d,/DOC99296,/us-en/NEW-URL-DOC99296
1af082be46edbfab2a489650ef1a614cf2fc0d56082a2129afe116ac756ebfc7,/DOC99297,/us-en/NEW-URL-DOC99297
b3e5a2ecff73f76ef0ccad74b3815c0cb00cd0ec1449174c56c12f4a9d82511a,/DOC99298,/us-en/NEW-URL-DOC99298
f175f1483a6df1c24dbb04bad3b2bdcf52fc2deb2e51ecc99f7ba7b09f102135,/DOC99299,/us-en/NEW-URL-DOC99299
c3542eb047b6b46198d9a70d0c8d79b0471179bbdd476b679ad28b546af15e94,/DOC99300,/us-en/NEW-URL-DOC99300
a306a598baa49deaf1a6b1e9b7ef186969e0cd279557938cb168b8a63f457e09,/DOC99301,/us-en/NEW-URL-DOC99301
48d278b49ec3f19792782b18afdf2afa6e1aa5763cc6292cf3b2d944e29528ae,/DOC99302,/us-en/NEW-URL-DOC99302
64b9585e9018356173a3dcc2b2f4e5db8d220b9cfe0853ca78f9ec0c5b4fdd17,/DOC99303,/us-en/NEW-URL-DOC99303
b9f7b08cd2f048ca9add9a88224b481f4c26c9d722882fce7fce41e5a60740ab,/DOC99304,/us-en/NEW-URL-DOC99304
254c4b42a1acd584e8f56206afa67de0d9ebcead35bd8e0e4081dee2d58a6aaa,/DOC99305,/us-en/NEW-URL-DOC99305
c8dc7be0d9738fbd1e9f3f3e55b8a33302ea8c570abb4e8663cccfb00a3684ca,/DOC99306,/us-en/NEW-URL-DOC99306
c4791199decee36e6bbe548c6b03d50b0a73de1d64b341dfb2ef0e0e8e0ff1f3,/DOC99307,/us-en/NEW-URL-DOC99307
a0d15402a62fec6721937a619a7382230392fa796492a88bf3d371a203af0796,/DOC99308,/us-en/NEW-URL-DOC99308
c706b6529ae31795895b4154fde546ea9c18091c233391c95c78ccd7af3b3f14,/DOC99309,/us-en/NEW-URL-DOC99309
50f6bb7bd62a70aa1c88b96593ac7869c0546705ac30a806acf62400d49a5d75,/DOC99310,/us-en/NEW-URL-DOC99310
207937460d5cdb8bb8561b88b3a01dc18bb6941c6ce578516327c1adee3cc8dd,/DOC99311,/us-en/NEW-URL-DOC99311
5a8d2d17c03119d7a4111bbecc0c9300fff99f3e7a0ce4ffe94bdd51a17ca6e9,/DOC99312,/us-en/NEW-URL-DOC99312
792e7009ec92dc742279681c9b87109d82e570cb76c2367fdf58956e23b0a808,/DOC99313,/us-en/NEW-URL-DOC99313
5a50ee02de25d71b08ae58157a978f2a9dff3083630b449f3163a5b2ebc29595,/DOC99314,/us-en/NEW-URL-DOC99314
a1a0deb4e28622e62b50c1a298bc5093f3b8c9e31cf15e515952b871b1258083,/DOC99315,/us-en/NEW-URL-DOC99315
c7db87f95b2e21d5cdbca6cbe3b296c1a0846be828dc69078abb6207907b4eb6,/DOC99316,/us-en/NEW-URL-DOC99316
292a1cfcffe4af173cca70d7f41a995852269c064c43d52a29619652f61174b4,/DOC99317,/us-en/NEW-URL-DOC99317
575d4f4087acfa8737eaf23de50b7da646a00fcbbbb09219f40cb51925c97bd1,/DOC99318,/us-en/NEW-URL-DOC99318
f7c07609afe1c420785636dac82d9014795e68b0db9e36c46939ebf542d8c59c,/DOC99319,/us-en/NEW-URL-DOC99319
9bcdbf237bedd7c232ed1d991f271c8ceebb47b80de922cbf3befab360b810f3,/DOC99320,/us-en/NEW-URL-DOC99320
24bc2a3ae07a3764b6c608bee8d365ecf04bec3c9236848a1dd28069b3847132,/DOC99321,/us-en/NEW-URL-DOC99321
5b455f484a477c3334d310c4de3acd06ec6975049abecc617f9bb3370d34faf8,/DOC99322,/us-en/NEW-URL-DOC99322
14f55226d8dfdf33f5e361b0f9f2276804716ed08cc13300c2ea2cf745a8d021,/DOC99323,/us-en/NEW-URL-DOC99323
a2d824f099f82f6099bbab3314bcecc994ed87a4b497865bc3476896079d56e1,/DOC99324,/us-en/NEW-URL-DOC99324
ccbffbccd35ca0aad1af3da66b3dfd8608967122011085196436b571abf07d4f,/DOC99325,/us-en/NEW-URL-DOC99325
58c0c504bf0846e9ba1d4cdc7e770539ec43a9d5f613e2b836a97441d2ecce98,/DOC99326,/us-en/NEW-URL-DOC99326
e35ad71ba2adbd70368c84c0cb56380a367acad38e1a73e35182e8a15ff62f7d,/DOC99327,/us-en/NEW-URL-DOC99327
e119512b5a17c89c6d5bd217a95309e3f60f40f2957d2ae4ed4355e54eb54d10,/DOC99328,/us-en/NEW-URL-DOC99328
7c2075457d9859b4f45bba02483b04c401ddf9cfc44a3a28920bdcef40f66fa8,/DOC99329,/us-en/NEW-URL-DOC99329
602011f4520b0d6ee461798585cad3fa471d3149414720b986784aa6bddfe930,/DOC99330,/us-en/NEW-URL-DOC99330
14809d28bb169338ca209974772e772ca2e23e1e29bed5508ae09b9e27a7cffb,/DOC99331,/us-en/NEW-URL-DOC99331
7746a6f8354df315c940462b0751340b84d7312c22659ba7faf3a3c0571fb01d,/DOC99332,/us-en/NEW-URL-DOC99332
f725b479b9657fa0d8304fcbccb5855729e3482d9d5f7be9f6a6d6294f3d4632,/DOC99333,/us-en/NEW-URL-DOC99333
31f6986c2385e60c8dc352bda80584a843a777b9d56ad7383a58fa87f75bc2b6,/DOC99334,/us-en/NEW-URL-DOC99334
69c3f2bf137253a12bfeb623063ba61a23d2b0f01e008e9eda11faccb94d48ee,/DOC99335,/us-en/NEW-URL-DOC99335
4876bb1f0fff5a3ae0c955f733b427e8d16a221cac53c224282aaf69dc901e07,/DOC99336,/us-en/NEW-URL-DOC99336
efe8c690b00a2f599e2c2c41be0e5f78efc1a5ea48edf129a000ea8727f62d08,/DOC99337,/us-en/NEW-URL-DOC99337
ca8bc1d1dcd53c3e9d080b950501b69a5f6651549f8487ff0854bfa85ac91934,/DOC99338,/us-en/NEW-URL-DOC99338
171af35a78f8e738bc3078c39baa28e90d5f71945f6c1f5baed6323924a7f473,/DOC99339,/us-en/NEW-URL-DOC99339
b8f211003ac37af5e67cef2aabb70e13dc93ad4814b4218cb1c4c36f780ec847,/DOC99340,/us-en/NEW-URL-DOC99340
eba0bf8cfafcba770f528e63916697e0df940bc049247cba933b09c674b76684,/DOC99341,/us-en/NEW-URL-DOC99341
888e664e84d32f80b2dd991d40c2c29d2be121004e4d2cdc653546566f12114c,/DOC99342,/us-en/NEW-URL-DOC99342
7f87e3eee686c685d5c8e6b70f2fa242a8df79d919d97957df43b226aceecfc0,/DOC99343,/us-en/NEW-URL-DOC99343
9048e4a2bd9c3cb98a6a7c2efacb31e5c53018855438f7eaf28f71db9be88c98,/DOC99344,/us-en/NEW-URL-DOC99344
86fada200b045c74ce5b2f2755c9210e637d397da090bd662eb02f6ff13e1d89,/DOC99345,/us-en/NEW-URL-DOC99345
a9c6716bbf10af2657fbe406123200e8fa4654a8656dca3e6ef3c61cb910ff21,/DOC99346,/us-en/NEW-URL-DOC99346
531dbf7830edb6114412f7697dc5a18385661918fd3643441c4452cdee331d2a,/DOC99347,/us-en/NEW-URL-DOC99347
b692d984c653cb7d7aef4a159baf1317287b68ee97da80bb98b6997f7cc563de,/DOC99348,/us-en/NEW-URL-DOC99348
ed62c645f69293d9a7db789c8f14e7de223a09a9125ed35c71e2c7b6982f8dc8,/DOC99349,/us-en/NEW-URL-DOC99349
f2f4cde3c0ea0a1cf5d15fdc9f36de736a43b3e7a93d075e1fc2e4bbde34346a,/DOC99350,/us-en/NEW-URL-DOC99350
d222539e301fcb0c7c9308463d935d905d119857f412b8354bf2086aaff15b49,/DOC99351,/us-en/NEW-URL-DOC99351
cf3788951d2ca3dd7455f81254a14220ac1dabe5b8dda066ecb89426680cb359,/DOC99352,/us-en/NEW-URL-DOC99352
748859b8db54e47a2ba869e1d6bf967381219d50e4568a43e40a2bca428f7296,/DOC99353,/us-en/NEW-URL-DOC99353
37b8d64c11074a5a517829171c31a8a3ef8b936fadb122df9ce52998f3c5abc8,/DOC99354,/us-en/NEW-URL-DOC99354
dda7143a1408c806de11a8b97bb0dd2908d4a82620660d918ac88b906787f386,/DOC99355,/us-en/NEW-URL-DOC99355
f49727d9b669ef34202d4fd9e3ac38282971c34a2ca4402e79f6d283e9f5859d,/DOC99356,/us-en/NEW-URL-DOC99356
f56c97e3bf2be783ed6990d5a2aa0846eb14a9e07df461c79af3771e2df4ee84,/DOC99357,/us-en/NEW-URL-DOC99357
ced83979e97cddbe9f4905ca96846fa801a013681c955c85b8cde225bf38b75a,/DOC99358,/us-en/NEW-URL-DOC99358
1c691a11d4a69d68b81f12e871dd7ac07b719ac0ee1fd8c086aba5156fc1b0d5,/DOC99359,/us-en/NEW-URL-DOC99359
19f8ae871ded2acd2c12475e1c59a92e401f65fcf30add65e58f721607bf7eff,/DOC99360,/us-en/NEW-URL-DOC99360
ec0bb238a8a01bb61c350d074cda7b12891000e0ce2986f6b2056fa3be960574,/DOC99361,/us-en/NEW-URL-DOC99361
2467f408002dca7a74bf981e03a010f4cee3614df031be454d77630a2229373f,/DOC99362,/us-en/NEW-URL-DOC99362
855d71ec8dba453e3703807b66363d1ab2603d4e32d94963c53551ba08e0c6f7,/DOC99363,/us-en/NEW-URL-DOC99363
d7b05a562f03e3b8c2739042598bc6ad9fef309b08d8cef47038c352024db3bf,/DOC99364,/us-en/NEW-URL-DOC99364
42ab3fd074a2a38fb88d1ac240688fbdee2d5c738189272522c8ba5c2b45ed98,/DOC99365,/us-en/NEW-URL-DOC99365
d53c39c8d6b8fd9caa1da5d55bd5200e3a1aecf339c2801a8ab786a0756155db,/DOC99366,/us-en/NEW-URL-DOC99366
6c37a5685acc0d9741aaaa82c1970af36ed0c8780d4ba82e47cbc62c68fd99b3,/DOC99367,/us-en/NEW-URL-DOC99367
f959ca34fa3513eb24acde181a4b01d1dd35268e25aa8cfa49071b86bb334dee,/DOC99368,/us-en/NEW-URL-DOC99368
883e8c343b7b8395c33edae7e7a57d5b4837ce82828a4f07b0d133ab4b35b873,/DOC99369,/us-en/NEW-URL-DOC99369
00654a8d712d6ba9fbd2c71d12ddcfb15c28b278938326f9040efcd6456677a8,/DOC99370,/us-en/NEW-URL-DOC99370
5564ac690807315ebf04b7f14e68697ce8ba5dede37d80dba21a0374b41fe480,/DOC99371,/us-en/NEW-URL-DOC99371
f11e2e5618314f11c3520249a0928b52fd7bcecc614bbfd4af75f2e6b48c170e,/DOC99372,/us-en/NEW-URL-DOC99372
5919c2f435c9c1100da192dcabeddf1e66ea11a9e257ad5715e196f7c495bd95,/DOC99373,/us-en/NEW-URL-DOC99373
f7f0806714b9eb044966e2cadc1d32ac9a02c8b4a21dbd4a723a645af65d4bfc,/DOC99374,/us-en/NEW-URL-DOC99374
ad795ca5571587f43dd9cca0a857cd17a89a2d06aab25fc6ed925935a8b93be9,/DOC99375,/us-en/NEW-URL-DOC99375
b4b8535c9893baf63840865f2e3773c1ed484f472649f2efa411de0e268e689b,/DOC99376,/us-en/NEW-URL-DOC99376
ff8d88e0eaecc30825ecf3195ea67e227427b30c8e5ce24c5452748bd9ac12c6,/DOC99377,/us-en/NEW-URL-DOC99377
a43494dc62ef0284cf4d008a9a9acef9677717cfe8b6a9bf09e445fd3be14700,/DOC99378,/us-en/NEW-URL-DOC99378
e17178f7cf8869c89b5ae1369103fe23e18c9a825fb6afdc5d2104aa1e9d9a2e,/DOC99379,/us-en/NEW-URL-DOC99379
53eaea0b3542133eeb1749a9a39da97cb5d7920db8baf5bb0ad4b3d4fce3f10b,/DOC99380,/us-en/NEW-URL-DOC99380
eca2ab47db644cadb044cb3721f14909b58c8d5e7e82cddca6e819ce4202f4cd,/DOC99381,/us-en/NEW-URL-DOC99381
fd954268f18d2732caad30172574de241acbefb7c4f8c7453ea73680f2a71593,/DOC99382,/us-en/NEW-URL-DOC99382
a0cb2f6cabab7827f73729d65e64745b7e777f6de2a35a20826868585e450002,/DOC99383,/us-en/NEW-URL-DOC99383
599108bfb2a3fac245c83ba80b552e137e9dbd868745a3d69b7b37b902bf6731,/DOC99384,/us-en/NEW-URL-DOC99384
0ff45d4cb08af5368b95c06dd8dc20a69fc70aa75cce7d10e0bbf292f8a91210,/DOC99385,/us-en/NEW-URL-DOC99385
995e4429f8a952c40d0032f08d170e88503d6aaa39d287f224a6259e12b8f86a,/DOC99386,/us-en/NEW-URL-DOC99386
1bea5383be74d312f50b1cc8500919f80f73e6cc1fae47426731206a71551b19,/DOC99387,/us-en/NEW-URL-DOC99387
c75f5bc8c6dc8e6dd67adaefc2b035eb75afe010094ee772671c03ae98280311,/DOC99388,/us-en/NEW-URL-DOC99388
8f8585cbd11158c4e21c3f16376529542e3a0f21959da10bea1e80ce2923fa18,/DOC99389,/us-en/NEW-URL-DOC99389
3bb9ec9536d0fee3168c9f7d4da2db5b9f6568ae1814dbc4e05cf23931dc858b,/DOC99390,/us-en/NEW-URL-DOC99390
861dc122bf5a9b5107da2aa65941d2b6ffc2cc5e696812707d7af06de52e44d4,/DOC99391,/us-en/NEW-URL-DOC99391
b959659065f98c2f89153709549fa726d730f725ca2c11221c3d45d3de5a41fa,/DOC99392,/us-en/NEW-URL-DOC99392
747e90dedea11aca94f8555fe99e268c258fc230a7084bdf2cbf5717f01a10c1,/DOC99393,/us-en/NEW-URL-DOC99393
a75d4a88547a28ce95093a140b1211f206315f8580083ee11d78e4f39b95670d,/DOC99394,/us-en/NEW-URL-DOC99394
014950e3f5883b1ee219bca29ddb5b9aa6bc9d80f0b04f4e06f2f397c4a5ff84,/DOC99395,/us-en/NEW-URL-DOC99395
e354e3dcbcd7be6b87464133f19e840ba2defb6bdf9c43efa56105e457989134,/DOC99396,/us-en/NEW-URL-DOC99396
8015fc5ff94c911622ee542925a40a2ff4bbcc67fb257efb4b7158d472a73a5e,/DOC99397,/us-en/NEW-URL-DOC99397
c962573de08718b7ce7fc58bd19ea95ef6fb5ee3a73c31eb26608daee0e4048e,/DOC99398,/us-en/NEW-URL-DOC99398
2cb6bd26a48cac0862855072e47db64769ed6d67f9e82a675d61326b784fac14,/DOC99399,/us-en/NEW-URL-DOC99399
74905d296dfb52b18565a6d4adb90b01b30fc840df174838abe5444ba810062e,/DOC99400,/us-en/NEW-URL-DOC99400
1f69037f61590ed2a1591abfa9a640bc49920592ab07041ea06b0856c5aec8ad,/DOC99401,/us-en/NEW-URL-DOC99401
e89e56591a1de8e7cbf9e2c168b0d913408b6190ab9b5ac48d9450955ff2be1c,/DOC99402,/us-en/NEW-URL-DOC99402
bcf8a4bca35de860221bd8a08a2cdc3876b27ddd0b4a5f0f0ddc82807d73c09b,/DOC99403,/us-en/NEW-URL-DOC99403
d3fab407f93f819c1bb298d78f072e14357ec068817597406197a31a69a1f034,/DOC99404,/us-en/NEW-URL-DOC99404
e8e751c8006c316e42d0067b5aee914af00379ae996ab6c373ce89ff6519328b,/DOC99405,/us-en/NEW-URL-DOC99405
c1fe52dfb45dfb9edeb49956ec0a78017238755163d9c37c0c16d3b760779ef3,/DOC99406,/us-en/NEW-URL-DOC99406
dcd996afc3a290ec9a38c78fb8980bfd3f63b2de002ed98e13c979ac47500250,/DOC99407,/us-en/NEW-URL-DOC99407
2dd9e58e6e26e311c29cd685a1ee292ec0318a7c7a325e9828aa8be51b222f51,/DOC99408,/us-en/NEW-URL-DOC99408
c5a6ba8186a8383c392e2e3ae9276534f48e1de2854588a9ef0113864e8db20e,/DOC99409,/us-en/NEW-URL-DOC99409
d88948c0a61b5229e9530c86bb45c5899e391f3df518fa93b953889817a645dc,/DOC99410,/us-en/NEW-URL-DOC99410
982eb1c3850790a8aefc6efc9604e1b6fff90cdb695170b1ebddd7727bc02899,/DOC99411,/us-en/NEW-URL-DOC99411
77e92ade0013c0d22071ef06045deb6531e4263dad62726210de7ea61637bc3b,/DOC99412,/us-en/NEW-URL-DOC99412
718b64cbfbdfb9f161ef059e06113f2c9d6484aad7a8db10bc532ecb9696d5de,/DOC99413,/us-en/NEW-URL-DOC99413
6cdc1da63686acd514327608375ab3c09bddb5474cee123557174734ae9c3691,/DOC99414,/us-en/NEW-URL-DOC99414
f720165c7491fc8e04e583d8d0b93a1da976a8a23f8a4f179d12911b504b30fa,/DOC99415,/us-en/NEW-URL-DOC99415
1b45ab799c0e0ddbeb6b034a2f8cd850738767994bd313f25468d1cd9a9a04ed,/DOC99416,/us-en/NEW-URL-DOC99416
08791fa611a816f05aa6f6dc3db8647370aa93663e187285fd33ff4eaa294312,/DOC99417,/us-en/NEW-URL-DOC99417
4e340eccfbd88313c75f90573d8e7ec8df87b69d791854977e4763f76ea01f36,/DOC99418,/us-en/NEW-URL-DOC99418
19d30c373d86069ae45e6248f2c48b3e34c7503a4ca1ba48052ec5d7a59c9d68,/DOC99419,/us-en/NEW-URL-DOC99419
dea3de4a939f32e0c5eb3f394a708ec764c51d72ffc2a843c9c1cf8deff33ea9,/DOC99420,/us-en/NEW-URL-DOC99420
ac9267da0c8e149648801474dad67265cb58c701ce02f8ac15e80b07e9b18134,/DOC99421,/us-en/NEW-URL-DOC99421
ffcb1bcb5fd16cde1873c5b80df2c425b58d3630552dff42bc361c93f7cd5014,/DOC99422,/us-en/NEW-URL-DOC99422
255a4159eec41549ea7f439e433495086d430fbab432b381d2813ada6a3b19e7,/DOC99423,/us-en/NEW-URL-DOC99423
b7852b27277b09a7291ceb2dd840bfb66bade2a0a2ed28f3958eac14521eb596,/DOC99424,/us-en/NEW-URL-DOC99424
17397603b82165c66da1adc8088c47d6e8fe29e665a1475b55bc609834368472,/DOC99425,/us-en/NEW-URL-DOC99425
8adcb8e3b9ffd46bd57b23b873adf519e4040df764e210e35ea971fbf77ccf76,/DOC99426,/us-en/NEW-URL-DOC99426
563d7379b98fd8d15389cba2f3fcf852058bc27f396734c02e52113cc94f8a6e,/DOC99427,/us-en/NEW-URL-DOC99427
8d92b87d3b256e10ba02285118bc306ad4ab49f4877420fc4014d3b91d6c6265,/DOC99428,/us-en/NEW-URL-DOC99428
c5b0efc1f16e3186f1a28f602fee578e4b46750592d55753d0ea5198154d0a2e,/DOC99429,/us-en/NEW-URL-DOC99429
fa0077fe0bc3b7802ad5312bea91ec1b8f9cbe58f6f1e142036d819e6acb6697,/DOC99430,/us-en/NEW-URL-DOC99430
d04691ba3b32fe320921405de0a340317eae090007d2626c9e0f30a2666d080d,/DOC99431,/us-en/NEW-URL-DOC99431
1d1c1b17393c8560bfbca9b30b83d55691701377c161aa684320bda94c030439,/DOC99432,/us-en/NEW-URL-DOC99432
f642611bb994027cea97f9221dab8fcf49e6314f0f149b93835b8d65ab0e669d,/DOC99433,/us-en/NEW-URL-DOC99433
902cec2c443f3275a2a1823f7d59a533cd4934e44c3d0d6cf08767deb27a0b73,/DOC99434,/us-en/NEW-URL-DOC99434
8620d2aab841bda46710597d4bf0c96509621040b9a68eca8dbb57ceede62b63,/DOC99435,/us-en/NEW-URL-DOC99435
0ffff2233e7111f942a1cfc7f8b216688c87bd56b474510aeda075d464508feb,/DOC99436,/us-en/NEW-URL-DOC99436
255eb70214d683b0e647e0b389357a7680f168f11dc6b16ce7e211396a5c17f6,/DOC99437,/us-en/NEW-URL-DOC99437
ad5ae676d737510bc4964c5d856ce09be7e28ec1692d9584ba7c4304fefdce41,/DOC99438,/us-en/NEW-URL-DOC99438
fa7f2f23637890f2d13c26d3372a9fe7b1e3a9613e1cc303506acc323304bc93,/DOC99439,/us-en/NEW-URL-DOC99439
7eb09b95b6d156dcbdb10fc9da2fe8ee065ee9bfb88b2ae4a9fba575d8edb9a7,/DOC99440,/us-en/NEW-URL-DOC99440
0ca36a86f70ea457141fb9a38da869a1fd7e21c1d87eb6239ecbda373b80d0e7,/DOC99441,/us-en/NEW-URL-DOC99441
5e54b3ddb21da93d285d21118a4f67171ca295d7864fefc33cf44e558ed65fb7,/DOC99442,/us-en/NEW-URL-DOC99442
dc7d12497c03bfaa317700e6e3d3c4ea82e3e805aa3f94ae43ae3d16629fa9f5,/DOC99443,/us-en/NEW-URL-DOC99443
8e9836c5d09c20fa6453efa209b1ca46b53ab96eca8d929f770a57dcba7173c8,/DOC99444,/us-en/NEW-URL-DOC99444
82d42c9a50c577bcf21142203e6872025a021739b18393dcf0a30285d25e6dbc,/DOC99445,/us-en/NEW-URL-DOC99445
ac1a64c53a49c77c23544c595f28127a40a833789c079a7bf0888a3644790f03,/DOC99446,/us-en/NEW-URL-DOC99446
c37d6857426d1ffed02c76eda19109a222ee5afcd5e6e020266d9bff0eeabe95,/DOC99447,/us-en/NEW-URL-DOC99447
81a6f4867360aecf53b3a4ca396043f29787a184c5946f567e6e40522c86a4e4,/DOC99448,/us-en/NEW-URL-DOC99448
7d8d0afb065ead7ae228c3272559a609c620c7be04887e1ca758a643e3e686e9,/DOC99449,/us-en/NEW-URL-DOC99449
763fa5ab945491eb7ca427f731cc48fbbc3a83e0c1a012cbbaa73a7f3e17d749,/DOC99450,/us-en/NEW-URL-DOC99450
b07e83532cc733d897acf2099ed2b99788626c8f0493e1845ac6a5b60d533f72,/DOC99451,/us-en/NEW-URL-DOC99451
8b29be8bc6324843521544ec02d3dc28efa0b3831ea9992234333286076fa2d7,/DOC99452,/us-en/NEW-URL-DOC99452
fd5b57cd300d3df225a1558df4f442df79f4e5e85d12ff3e9ea4829082615459,/DOC99453,/us-en/NEW-URL-DOC99453
8239c17e33656b6f96423650d2d863ef6c795bec306471bd2a93ff0bbe58b056,/DOC99454,/us-en/NEW-URL-DOC99454
9a51ba54c311bcfb54eb2c76cae250509550dcc97e4a4850c069d00c186ec91f,/DOC99455,/us-en/NEW-URL-DOC99455
55d38ad34bf49eeaab5cd3145de72bc803f5e917419433ba3e47d579fe4c281a,/DOC99456,/us-en/NEW-URL-DOC99456
38cc0654ccc1acc07ec3560a26507deb2be3d241a32e9f925c467db848198d88,/DOC99457,/us-en/NEW-URL-DOC99457
8feb7fca166fcbd35f386b9daffe9e64ac8abb65a66645d23504c8ebdbbc1953,/DOC99458,/us-en/NEW-URL-DOC99458
1ed44831dcee46cdfce9c5746d0064d23e77cf2831c66585d4e7f6fc5aaebb8f,/DOC99459,/us-en/NEW-URL-DOC99459
eac594ac6449515d82a2e19b5d26f3656df1b875721cfcf2cebffa840798da69,/DOC99460,/us-en/NEW-URL-DOC99460
c50aee5d11cd4c7d9696f5531047931df696475235a9838d85aac98ae1910892,/DOC99461,/us-en/NEW-URL-DOC99461
4ac2304ef62d626b731caf63845324752a44b3150858cfab2040c09fdb7a0907,/DOC99462,/us-en/NEW-URL-DOC99462
b5a795979f13e8af471f3cadf8c70c7306d62c7d82b89ad899d37a9d550ac02a,/DOC99463,/us-en/NEW-URL-DOC99463
42bd9423cfbd575705f68049ccc074150763b092c04d40f15f17ef8aa818d425,/DOC99464,/us-en/NEW-URL-DOC99464
0e09d724db8bca48e75d8a39277f06be2d39134cc06bb4624135532e4189b614,/DOC99465,/us-en/NEW-URL-DOC99465
8e4181c007f51e3ad5a22aba891664c33eb9404a5bc5a7964ec004eb32cf9e45,/DOC99466,/us-en/NEW-URL-DOC99466
db21e31707db2d7f081e8ca2ae5fa8074114dc9285dd4d58f6aa0757b74469e4,/DOC99467,/us-en/NEW-URL-DOC99467
66ffd9df9617534d5c412b64429ff4e047c295198ea95a0401a0808a89af2a56,/DOC99468,/us-en/NEW-URL-DOC99468
9ef228429cf765b563bcf70ead4300ca5966f177edee38cea9e08072a8dfe665,/DOC99469,/us-en/NEW-URL-DOC99469
5fddf9d35c30458f8d4c22a467d9dce067f992b2830f564a79ad092a95a9b3ab,/DOC99470,/us-en/NEW-URL-DOC99470
86ad49128832f45fd051d3c21ecadbb1f66711cf433378107f8d0f65bf57cb5b,/DOC99471,/us-en/NEW-URL-DOC99471
581982d00b35ab9b371898e23d856eb5ecd328777de9b6aa72a37eca088789be,/DOC99472,/us-en/NEW-URL-DOC99472
ad7254e883951f6961de0c550c43d3bcd1f5a57d95bf4a4f4d122f65a31bc059,/DOC99473,/us-en/NEW-URL-DOC99473
9da1722512962983d9583213f12b0ae2ac78d6620f29964c68e7b262a7e5c7e5,/DOC99474,/us-en/NEW-URL-DOC99474
e05da6ff3fb53554af9240496e7e7b172f06008a68fe0da15096f0f743164ecd,/DOC99475,/us-en/NEW-URL-DOC99475
40b2582d4afabe9371bd98ec25d174f9d7a1982658529c0416d226ededbe76d1,/DOC99476,/us-en/NEW-URL-DOC99476
a47b8bc6bae2939f47722972be5cf2db273f20776cea208543bf9f5f53bfacb4,/DOC99477,/us-en/NEW-URL-DOC99477
7882882d18d106d400824531f7c20217e2aab6ec23cff7b4630eaba77cf5974a,/DOC99478,/us-en/NEW-URL-DOC99478
d9b150afcf46ebe9024b291b276a66764cc101b727eace36e6a9eb1bbdc5a042,/DOC99479,/us-en/NEW-URL-DOC99479
c0f524ba59add6dbfea3299b9f28e8fd9d082223bf1f100c0835250c4ae5d320,/DOC99480,/us-en/NEW-URL-DOC99480
e08ff31eaf8310530949dd3764ad4725c27b77f5a7c94928ca509f51897f59bd,/DOC99481,/us-en/NEW-URL-DOC99481
61c2f456247e097c5d0b322fe29916555b76179bc7bdd4c333d8bba0a6054671,/DOC99482,/us-en/NEW-URL-DOC99482
9c4533ec4a4027082e9234bd878aea0875f8be0b0f795bc713d6c28ec54acfeb,/DOC99483,/us-en/NEW-URL-DOC99483
62f9a97ae06bc4bea9cd9afe8c5e746cbf8efd947ebc719f9c32cc5649b17305,/DOC99484,/us-en/NEW-URL-DOC99484
e4fd1a7cfc266fadc1b87eb6a7ed5e767a0694f0edf93df0b568e2c590bb8876,/DOC99485,/us-en/NEW-URL-DOC99485
9c218c1370f112e82319a81938d285f5802a196e62066dfe26e2f17b6430d479,/DOC99486,/us-en/NEW-URL-DOC99486
516cf409d635da424129874f30cc8e7a24291f0a49cc50872a597457e99a9e6c,/DOC99487,/us-en/NEW-URL-DOC99487
2cf247680d224d72554d74f7bd45ab84e082f05710494ed70a9943d29ca93759,/DOC99488,/us-en/NEW-URL-DOC99488
ca6ab3fa041295350afafe7add3313b29124bb4579d41a826cbf8ecb9a45d2de,/DOC99489,/us-en/NEW-URL-DOC99489
f16552f9fc44079447729f8258e88a577608fdf84e9495fd576bf35774647b4b,/DOC99490,/us-en/NEW-URL-DOC99490
66bc8bf533673c03739aebcbb5aec1bdec01ea51181d0eba41090825d83c94f4,/DOC99491,/us-en/NEW-URL-DOC99491
8a69add839030eeeff9af2a47292b9e5a90c0efadfb9c79f40fc176e25ff1a1c,/DOC99492,/us-en/NEW-URL-DOC99492
ed21d7555090a651e4a895dd5ea9e64c305f01162b558e74a06add04bea9c6ad,/DOC99493,/us-en/NEW-URL-DOC99493
9097b3b8872d88c8bf10052fe6570fbb40ea2ebf3eab1876ebd57f997a10a897,/DOC99494,/us-en/NEW-URL-DOC99494
f998ac856b4214db0e4139c2643429cd4c1ee65cfa7e511a416176e01ee693c5,/DOC99495,/us-en/NEW-URL-DOC99495
de5f6680efd35a16f433a2eb2b2da679fcc3076ba5de851e4075b3163c997380,/DOC99496,/us-en/NEW-URL-DOC99496
3070cacc76aa546be03e20779d713c5b04c67dedbae2d0e6a96f66c5fe5e2b6c,/DOC99497,/us-en/NEW-URL-DOC99497
fd6fd1ad7c7b4b01134d82c60dd6e9af5933659e88e61ef3544585eeec68a780,/DOC99498,/us-en/NEW-URL-DOC99498
afe93d6203a6297d605a775e4e0096c64cd34fcade3e579ad3cff28efa3165bc,/DOC99499,/us-en/NEW-URL-DOC99499
60a2a9cd0ca8b919c018171d28137bfe98c67464acee20bc72fd04e007ef21ae,/DOC99500,/us-en/NEW-URL-DOC99500
57906e9bf9fa46de0510e921cf0ca8e026fb5bbfa14598ccb59f0ccbbcdc508c,/DOC99501,/us-en/NEW-URL-DOC99501
935e891d8e0fab1286aa72796e00c392c099f52aeb4b7c364c68f08a2a73e64c,/DOC99502,/us-en/NEW-URL-DOC99502
799abc2381fab49f26aa3a4319773f2159c38b5b6fb1b4c9ea6c626a3727aeb4,/DOC99503,/us-en/NEW-URL-DOC99503
b9ebe28fa6ae06d667cef85c26c9fd1ba8c5b9f2805b0cc48e6cab3e0debc7cc,/DOC99504,/us-en/NEW-URL-DOC99504
2f75b1535e21466bb3874ce09159046052ff368b7663a633412731608d3e787b,/DOC99505,/us-en/NEW-URL-DOC99505
58cad7a830d229ba89447d11229ae5e1746b61ee7e74f966a28c310b07d88886,/DOC99506,/us-en/NEW-URL-DOC99506
9d0019695a7edb5909cfab4b96127f42bfd21324f4ab2d5e5f100ad1ed732578,/DOC99507,/us-en/NEW-URL-DOC99507
97f32bdd4f05467e7c98b3d01915c5be494d894efeec3e50ab0655067d8ac990,/DOC99508,/us-en/NEW-URL-DOC99508
6723411345a0ae6f7cec6a93ecf191ce5476b1099932289095b1c0b9c3786a05,/DOC99509,/us-en/NEW-URL-DOC99509
1e771d5a91041507701f1e1fdb50563935acca7930d5687f86411ea0432d7395,/DOC99510,/us-en/NEW-URL-DOC99510
21f950ec9012b828b6121c4bca66c4807fac3a57ee01376dee59b26078182f66,/DOC99511,/us-en/NEW-URL-DOC99511
cf9bb4c07b77adb3c64bf1b4ef7a15f0d8f3cd57313f5e4797a06033dfdc6063,/DOC99512,/us-en/NEW-URL-DOC99512
6dfd79ca829f5b53fee32808af6f08830e00e6ec7dc76004e335dd88f1d1afae,/DOC99513,/us-en/NEW-URL-DOC99513
fd477d6497f0f52b33976aac0f1c1e2c51202df05920183e72d508d99dd9020e,/DOC99514,/us-en/NEW-URL-DOC99514
935c3995505db64135249bb87a4d672aeeb5e43e5af5059e55b7360b637713c2,/DOC99515,/us-en/NEW-URL-DOC99515
38f157dd5b92ff28558ba1dbfb4a77235e7a7b03ddc1dfff8ea16ccf12f53cbb,/DOC99516,/us-en/NEW-URL-DOC99516
f1fce5f653ef2b83add18e1e19d04ba7e5e399618cd3a9c44d6827941be5d1ad,/DOC99517,/us-en/NEW-URL-DOC99517
0889f00debe23cc339310fb29fabff449871788607f86eccb30d71b12ec9a414,/DOC99518,/us-en/NEW-URL-DOC99518
fa13f8548e13aba7c37f0476800b8a10429d8b266b087abe46d4e739800a9161,/DOC99519,/us-en/NEW-URL-DOC99519
36d45edc7e27003b6da37448038f8d744a05085a454d2d9b68fd3d483bde565f,/DOC99520,/us-en/NEW-URL-DOC99520
92262d98d64d0df50d00b4db8758069c06b060982e013c5ddf38b599cf9579e1,/DOC99521,/us-en/NEW-URL-DOC99521
775b5e08dc6ab3e4369f3377ca66e96e75fa667ef62c97c6b7bf0767e6a44195,/DOC99522,/us-en/NEW-URL-DOC99522
2df7df0da6255ad2dadec40847dba9f4f4a948f997808e34aa83c506efb2e23d,/DOC99523,/us-en/NEW-URL-DOC99523
fe28a0b8838d34f6c06e8fcb2e5910847bbc21a780b8bffdc8204760f818a68e,/DOC99524,/us-en/NEW-URL-DOC99524
fab3395bc480277a9bf9e7909f24704672047e10919c00a75507ad973050f54f,/DOC99525,/us-en/NEW-URL-DOC99525
bd51820de3835d117722006619620227ce7aed4391a1d96b1eb9e80a745aad71,/DOC99526,/us-en/NEW-URL-DOC99526
01fdd653bba4ecdbf8d39f599446a2a55dbc3331913e72ca13bdd240dc229448,/DOC99527,/us-en/NEW-URL-DOC99527
e8dda6a8172c5936b48a8d3c26244a27bbcb9090d3398f4af5c282ee04b4111d,/DOC99528,/us-en/NEW-URL-DOC99528
fe8e09f2f0bf818c0af2cc12f9cfb2dbcf753700ee4b254a6123729b1c50c066,/DOC99529,/us-en/NEW-URL-DOC99529
131ef9dc7a2fab17c9f8aea61b1cbdda4bdd6af135112a2cbbc8dd3022f6c93d,/DOC99530,/us-en/NEW-URL-DOC99530
7e2bcadca3bb1bfc2c8888afb3bbe33e5ce164a24bd83071a708f4e58662569b,/DOC99531,/us-en/NEW-URL-DOC99531
0a084c36499f3aa9ae3c3781cf2b96733a7a6992321dbdafa935ed50d51cba5c,/DOC99532,/us-en/NEW-URL-DOC99532
239b69e59c6877e921ee4aacac029fd16aff7b1bf533217afaa998d423b88619,/DOC99533,/us-en/NEW-URL-DOC99533
247fb2df6f8d0fac58b403b6360a5445e2b0613ec74b1c62b37db7db49913431,/DOC99534,/us-en/NEW-URL-DOC99534
7885d5cd2024a712c886d1431e4dd82548b836a6778675a03809a5b278ab0aef,/DOC99535,/us-en/NEW-URL-DOC99535
8173a1b8d043c969a982059386fd5f7a142ba3cdd2b512d0d51e0b61670f4af4,/DOC99536,/us-en/NEW-URL-DOC99536
a9601ab57a95fbd5731d3485c3861a80f729012a77a0c629ecbcadd48863438c,/DOC99537,/us-en/NEW-URL-DOC99537
34e6bfd6138274cba193bc04a6bd2a958bfd8a38c88f546e0c82fa59a7fe12d6,/DOC99538,/us-en/NEW-URL-DOC99538
650698d78476962ee7f80302c8875413071b5d94d6f32f26220c40a89061fb16,/DOC99539,/us-en/NEW-URL-DOC99539
cd40f762af5d1bdbc4f1af5d671cc6ad24f1f73d4cff5dbdd73839fb0d383496,/DOC99540,/us-en/NEW-URL-DOC99540
5e4a5e19c5154584918686380fc8a9c7ce4251c505def3b8c3b2eebbb6112919,/DOC99541,/us-en/NEW-URL-DOC99541
2c9961e9534416198584f37e15525aac0c6c0dbd054fc0047fbefd959edd048e,/DOC99542,/us-en/NEW-URL-DOC99542
339a83d244b0694a6480a477e7968825d4b830805d1fd4433c9ad520046a5821,/DOC99543,/us-en/NEW-URL-DOC99543
ecf935eec0997dee9e5149417e979b5bab1b4f6320db9a1c30b7004e788d6d1c,/DOC99544,/us-en/NEW-URL-DOC99544
b3075d04e529d7bc0f4ac6afef136a048fce7e47ca3a99aabc6d997eb0e1df84,/DOC99545,/us-en/NEW-URL-DOC99545
023325a7112778e1a60571f6bfa604c314a68b9a5f2f3382f10fa1947263ec2f,/DOC99546,/us-en/NEW-URL-DOC99546
73164fed5c6cd27bc7930de8e96952eeac84d542cfc3c7623fbf150764f5bdb7,/DOC99547,/us-en/NEW-URL-DOC99547
45befbda37bde44caf4e43708b23bba44aaa8055e56f2ff2c98a36252dd1c58e,/DOC99548,/us-en/NEW-URL-DOC99548
88bd13b52fa03ddabb2c8cb42feae2773d597f3e0e59d721e22c2cd30bf4645c,/DOC99549,/us-en/NEW-URL-DOC99549
335b2d7d7935dcab34c9dfc590e3b0f26f0f47be36ef12c74c3dd135f92f6e85,/DOC99550,/us-en/NEW-URL-DOC99550
a6da6c22bd1411c5c6c821534a5107afa77a65188879a3f075f67410824f37ba,/DOC99551,/us-en/NEW-URL-DOC99551
f48569c9242d2259c19ba023e1c0733e5f5c30d00dc63af6ff3e4dde51909f98,/DOC99552,/us-en/NEW-URL-DOC99552
96891da78b0284a276a885e1dfbd81f4931557db961746eb1a2ef92fbbb0d7bd,/DOC99553,/us-en/NEW-URL-DOC99553
a0565d77c6fa4b13622c37567bf0387812d2297fe5f26b07ebb4a8e136dd37df,/DOC99554,/us-en/NEW-URL-DOC99554
38380719d44f581a0af50af0b2e775e00f59e0fab165794230e6e8ac60696e09,/DOC99555,/us-en/NEW-URL-DOC99555
ed5a0664245401fc75f5cb555a3dc36e245fcd728670c731d863c6fcaa1ac4c2,/DOC99556,/us-en/NEW-URL-DOC99556
c993f900a00ba1c2d2b68a42a27e7aa9bc29b16ba15d7422d0f8c60f23ed7e79,/DOC99557,/us-en/NEW-URL-DOC99557
eb458f94e381859617ed449de842d40461efcf801fa4166e7426124d85932fe9,/DOC99558,/us-en/NEW-URL-DOC99558
452a8c47968d35b42b7a51c59cc46bab0734dd42c292ac7cacc9c7a7acb07cfe,/DOC99559,/us-en/NEW-URL-DOC99559
a0206cc1f13db3d0768b7646a67864d3a912677fd8657a307a44655367633d84,/DOC99560,/us-en/NEW-URL-DOC99560
447775bfb0f7ff179b1ad88c684c099e52b7d78cc48c8bdca553a766d39b2cf3,/DOC99561,/us-en/NEW-URL-DOC99561
24f8698d5122c76a08881f802bb818ecd78fce82a2f700a871fa241b2789943e,/DOC99562,/us-en/NEW-URL-DOC99562
53a926146d91e885d75c32f89d887e8ed4e88e610a63ae8445c839287f6b99cb,/DOC99563,/us-en/NEW-URL-DOC99563
d2e5d7dddb9c88db011c49b0392a33f9327339d1a177e040f9b95698336241a9,/DOC99564,/us-en/NEW-URL-DOC99564
96bba13df64ee3cd5676fff9646d054812b72191654510b57712f81907666977,/DOC99565,/us-en/NEW-URL-DOC99565
6a10a542cbf2196ab6b692598e309db88c9bc94fa86eac2ff8c9d1396152327c,/DOC99566,/us-en/NEW-URL-DOC99566
c56d4e22542b06dbb092df8f5f4cc3a4bab8f3aa10a8dfb60fb2ac1d460d5a52,/DOC99567,/us-en/NEW-URL-DOC99567
b1527fa4b31f04532d75429acc1826df370f6e8b8730a45df3393f976e647927,/DOC99568,/us-en/NEW-URL-DOC99568
cf7139b180af2713c4ecfd65b0099679e48bbf460ea0342bb9bb5f75e657f3ac,/DOC99569,/us-en/NEW-URL-DOC99569
6734fd02b0c7b8c45e2787fd6ebfef7a7c85267980ac35d3ea7c7fede90c5ab9,/DOC99570,/us-en/NEW-URL-DOC99570
96d255a3c162b09727cc8ec64017f2dcb66e3336a52a1a3947048184a5b5726a,/DOC99571,/us-en/NEW-URL-DOC99571
76ee50f4e970c3ea08d14e1c6df1c1e7e998363e8d830880df1383ce1aa35664,/DOC99572,/us-en/NEW-URL-DOC99572
30b5dae37d73dca87abcf414b84328a6344c2f37224092c0443d85b4873c7447,/DOC99573,/us-en/NEW-URL-DOC99573
2365dad81c0da9692326efeaa7feb656b330bf9316e4179fb9e915fa8321d691,/DOC99574,/us-en/NEW-URL-DOC99574
54fb14cab883b915d4bdfacd50308a703aaeea7a47dbfa325f127b14da3adf12,/DOC99575,/us-en/NEW-URL-DOC99575
52baa8f499ef9fe235877cfc6002f750073e0c20d71e17cbbc1ac382e61aca1b,/DOC99576,/us-en/NEW-URL-DOC99576
31ddd0fe8cbd63a9b6fcb1819488f97019621c6074fb5c6bc74ed63a81982714,/DOC99577,/us-en/NEW-URL-DOC99577
9389d6f208f890cec5563fd5e7ea208401749f84f805b1fc7ca7c8ffeccf1dfe,/DOC99578,/us-en/NEW-URL-DOC99578
759eb3c272d7365267c5afbdbd2d87134b75416e1df5c8cc7d87ab0b024875a7,/DOC99579,/us-en/NEW-URL-DOC99579
77c62a47be747d5cf6d6b3cd1c9736e9bd44ec10df05ecc5b9da311b94345a38,/DOC99580,/us-en/NEW-URL-DOC99580
d247cd9aa6ed3d602c0c3b0d1ba872b7bf7068412747a36cb59309c2e191aa11,/DOC99581,/us-en/NEW-URL-DOC99581
243b2d231a57be71227d2f211a3b4cac24deab5ab7b5221a308a13c5d9adc241,/DOC99582,/us-en/NEW-URL-DOC99582
98a323528307f450f57657debb1e7031d4a66316ea561ad7b3387f8648579cc5,/DOC99583,/us-en/NEW-URL-DOC99583
a1853a204e58866b11e36af1394eb8cab7a1eed63c4893c0432249ce1ece2886,/DOC99584,/us-en/NEW-URL-DOC99584
4116e82fbff3ce89d3bb71d76796533ce28c74fdfb150294a368c96efbf77844,/DOC99585,/us-en/NEW-URL-DOC99585
7bd1efe6f65966fd491063f66903f182b7c511d885794105671d09f068d7cd37,/DOC99586,/us-en/NEW-URL-DOC99586
2301c521edf68e667c9270be2eefca781c2d86de2f7532a9bc001830b0d29719,/DOC99587,/us-en/NEW-URL-DOC99587
c8e273e00b7c2620ba16835af9bab9c350ab7568440a04bcdc9306bef10a0438,/DOC99588,/us-en/NEW-URL-DOC99588
bb2c160709e3c9e77a06221e9b2cb5bab3fa1a759a8a6a31ae29d439390a9208,/DOC99589,/us-en/NEW-URL-DOC99589
a7270c2d4ce7f20f4fd6aa1d8913da570aa3112b7d53acd9785ea365bd5bbae0,/DOC99590,/us-en/NEW-URL-DOC99590
94a3d5655c03dfcb6485c4076455834b9c7fd314f13e0bc0b0d6004403a1dfd9,/DOC99591,/us-en/NEW-URL-DOC99591
3fb5e5fb56df486c9016ced316dba9620e9e6669da2cb7fc6798c64f5787d3c3,/DOC99592,/us-en/NEW-URL-DOC99592
9f2942e599cfdea44ee7ed6266643c05cd501f41af7109549f8587ab108fda9f,/DOC99593,/us-en/NEW-URL-DOC99593
edd4299d273734b4023b39d6e0af762f8ad7627335ad3ce3e3b4a31dc4308e60,/DOC99594,/us-en/NEW-URL-DOC99594
f72e232c94aeeb44541b802cc2d705057c9552e8db32e6984d4b67c28713e530,/DOC99595,/us-en/NEW-URL-DOC99595
32e50620814b47571dd17ec509e80d7270f22bb79963b615112fc8b5f51ed71a,/DOC99596,/us-en/NEW-URL-DOC99596
a23ed8866931069502ebce0dc0858d5faa7f0daab23fee72376b93f2ef98aaf1,/DOC99597,/us-en/NEW-URL-DOC99597
7fcf8456cdda3028c42430e7f4507138d7246e91d6772806650796468e9487d4,/DOC99598,/us-en/NEW-URL-DOC99598
3aae4d390eb3ba280a60de45b26ae8d8ad386d2550317ae42774dba00f3260f6,/DOC99599,/us-en/NEW-URL-DOC99599
b50bfe420fa480f9bd000524da450bf67dd808371c4753aa8e9e1d93d546f9da,/DOC99600,/us-en/NEW-URL-DOC99600
082e12b017beda6ff1fbf217230d93c9e5416143dfd97999657ae61e63ee0f8f,/DOC99601,/us-en/NEW-URL-DOC99601
ee2670037ffab1a904d4fdc6f46b3eea5fdf283bfed4acc8ad60c10faabe1149,/DOC99602,/us-en/NEW-URL-DOC99602
c5579c9058dd4fb34407cf7597b8fb7537b75795bdafcd12b01e546da2f7b631,/DOC99603,/us-en/NEW-URL-DOC99603
31b38a964b16ea90233af0789c39f634b9917b32171edcb8992b38d294f766cf,/DOC99604,/us-en/NEW-URL-DOC99604
de51dffb6f9b66e1d5f0229d9f71f65c1ee48d2318ddea1eb8132a42e8d08c5c,/DOC99605,/us-en/NEW-URL-DOC99605
50dd084af82077a0f5dfdeef77ced159aa7f3f55daeb073628e9d3af85e2ac24,/DOC99606,/us-en/NEW-URL-DOC99606
62e9d6c60a174eaff8cf3dc46626b1440dca2afe0f6185b45c032a12e7c2211b,/DOC99607,/us-en/NEW-URL-DOC99607
fc0e2fa4a468a252c2d29d397492f23ed845b7bd35d2ed36801af184a31c727f,/DOC99608,/us-en/NEW-URL-DOC99608
5ccc85bd0a6d871816cc830af9b8283c490ab231023d5568c415b5600216110d,/DOC99609,/us-en/NEW-URL-DOC99609
67bb76c29e668539db6d7bd8fb7ef6a4598f8c3fea9984602741f85b5c15a923,/DOC99610,/us-en/NEW-URL-DOC99610
8cafa0622b3dad58ed07314c41c4567261d282f588174cf2dd81a22df9f53711,/DOC99611,/us-en/NEW-URL-DOC99611
de07c0a7c3bf8b342cb6e5f1a1375f3b10fa9bc6e743ad55a3e35ee8bffb4e32,/DOC99612,/us-en/NEW-URL-DOC99612
cce6d8ce1557c5d75f2cff9d63c5f96691dee762b57d577ae47c396e4b5353f2,/DOC99613,/us-en/NEW-URL-DOC99613
ee60049deade917c4a485546b09c8309847e94ecc57e1cabdaca2de413ef9ba3,/DOC99614,/us-en/NEW-URL-DOC99614
b8e6338203030280f796e5544a0c55286a4de1580df47a429c4884e01c708747,/DOC99615,/us-en/NEW-URL-DOC99615
d344193a434a7eaff57e46f1b00efcd35f050b71e39c11f15700601d04c99f31,/DOC99616,/us-en/NEW-URL-DOC99616
b32d169f190cbec6bf85c1c5166f8f65157a3b600e7a94b41ced153c3a6813e4,/DOC99617,/us-en/NEW-URL-DOC99617
48cba9f7d0e627c98f307f4df5a512c285fb0d2d83e3f3dfc12cefe25fdf91b9,/DOC99618,/us-en/NEW-URL-DOC99618
dcf9d4fc01e0332c423fff8c8f46fd3110718d5f750896d8baf249039cf4d17c,/DOC99619,/us-en/NEW-URL-DOC99619
d3d495c0c9502db60b525612097a637e4f6d11ff14299b10038b28fbad1027f6,/DOC99620,/us-en/NEW-URL-DOC99620
dd26577ed094ffd93fb660a1e73d207c471dcabb81766cb00f8dd20bbd530fd6,/DOC99621,/us-en/NEW-URL-DOC99621
384522e8c8d50cd1716bc2e53cb49fcbe5152e17296b36bb2dcbe14ffaf5e412,/DOC99622,/us-en/NEW-URL-DOC99622
a0d46267d323e65f87c2f07b2adf764ed6eccc13bef7260cbc1bc5403090c3d9,/DOC99623,/us-en/NEW-URL-DOC99623
4eb92e231582dcf4bf530fc3b73421c4faa34f44e3e9b992fd90b95313fa99c5,/DOC99624,/us-en/NEW-URL-DOC99624
729e3fa29bdb39c3763a82e004ce9e677a0e6e7f47b9087193d4329623a8d24a,/DOC99625,/us-en/NEW-URL-DOC99625
87d005f284a90338220afb2d503c43b8a61a2dd0b2e547a9d71f6d5cc870c0a6,/DOC99626,/us-en/NEW-URL-DOC99626
3504afc2602a232add28d97a352180b1e58815985b72d583f7806be08aab9225,/DOC99627,/us-en/NEW-URL-DOC99627
caeab1096e8661ade0241311aba07d8591dbb361c1a8589f459d29054d0aa2fa,/DOC99628,/us-en/NEW-URL-DOC99628
e33a35cfb4594fd7c3e0c55a802985fa9b36c84c9c9a362eb078ebb49c04c261,/DOC99629,/us-en/NEW-URL-DOC99629
bdb3d76d3fe68c33569f6e6af822482bff86e794b04267bc95712b250a1674e1,/DOC99630,/us-en/NEW-URL-DOC99630
697acf4991689779eb0164646b50b55ce28f7e223dd91e1028a8d4dde4d37ca4,/DOC99631,/us-en/NEW-URL-DOC99631
8546b62bb43b3ef551cbe30db38d9b4f1326c0a100132f6151277b9106f4efc5,/DOC99632,/us-en/NEW-URL-DOC99632
c565045bb65030b55539965accd3022490cc06d7de26b203c5f88a0231deafb1,/DOC99633,/us-en/NEW-URL-DOC99633
46c890976993d2249d0af80873e72345527d31925e9db2a5f62a5f78cfe22255,/DOC99634,/us-en/NEW-URL-DOC99634
4813be4da2c3316c2693c5df831e5aa4fd1bb024888476e28c3be812e891bc9b,/DOC99635,/us-en/NEW-URL-DOC99635
d6f50d53d4664f205a57edf2a54a05d37d346d5ab9f4618cbf47f099808e72de,/DOC99636,/us-en/NEW-URL-DOC99636
22eb992e4b5c87df9395103b3333abf24929cd3bf29708553be9be25545d4bdf,/DOC99637,/us-en/NEW-URL-DOC99637
ce37de686ce6c1df23479700f0df9cbd93e79d42ee3aa1d4c38c83edbbf7a586,/DOC99638,/us-en/NEW-URL-DOC99638
cc3b2b67e664b0e6fef7c878dcf900265222b4a492a4e3de615f7a63caa26a99,/DOC99639,/us-en/NEW-URL-DOC99639
bbe55bd1e25154e5d740716cc8b08c2b5c3d60f1b08f646546ec599d3b98df42,/DOC99640,/us-en/NEW-URL-DOC99640
d14d1e7c55f141a91c701b27f22bcf3f13845a4d4ebdbf951e57e13fd21c44d9,/DOC99641,/us-en/NEW-URL-DOC99641
1fa1232524cff49d855229816e998cb638c2acd4d5231c0a0a1f9c33bd4429a3,/DOC99642,/us-en/NEW-URL-DOC99642
2d9bb7605ad0ea6e2b08ad4d0a88a731658a317708f1a459861c0cf8a4169407,/DOC99643,/us-en/NEW-URL-DOC99643
da0a43477a75e00ddaaa23064f131875961084662d6e71407ff782e3cc5b1d89,/DOC99644,/us-en/NEW-URL-DOC99644
7985f99a28b086d5aa4ed76caa43329caafca0553a7cc924d635a180da2d1a34,/DOC99645,/us-en/NEW-URL-DOC99645
b27a3baa648ad9b10463bec816540e43f3e9d7b773cb53ab2cfbe1b43d3655b7,/DOC99646,/us-en/NEW-URL-DOC99646
77370059fdbfd3a8691f9a93b38387aec8615a8f960cfd682705816ac05e863a,/DOC99647,/us-en/NEW-URL-DOC99647
5f31c4ef463afaaae47a3def530c1f622732438ec3fb78927779b37dd7cab521,/DOC99648,/us-en/NEW-URL-DOC99648
852a15b5276b99405f1572ddd101b5a4daec15ec597045e85670b2eceed0b7c3,/DOC99649,/us-en/NEW-URL-DOC99649
a9897d8c9e0bd252d1b149572d8ac29fc2e47086cbde738b59154845f159ed1a,/DOC99650,/us-en/NEW-URL-DOC99650
710aca5c76b6dffd7d9b200f0782f26d7bd64d417312c9fa830ff989bb6f5cf9,/DOC99651,/us-en/NEW-URL-DOC99651
1770c700462be05dcee3b07a145f1c65b1835d0b341506f5aa701f6ba24462ed,/DOC99652,/us-en/NEW-URL-DOC99652
dd89c77cc9683c311499fd5e13d84d6c5672d9838cf12484e941210fc47fafba,/DOC99653,/us-en/NEW-URL-DOC99653
10a29034c9d810ebc1b769dcdb6ea88908829407546c3d2487fe93c033ff32bf,/DOC99654,/us-en/NEW-URL-DOC99654
bbf551e6da141f6e6360b1f5c07c07a4c34dc04f74038ef7056848ad6cb6441a,/DOC99655,/us-en/NEW-URL-DOC99655
f9b1fa79d209ee585b2cc9adc16055799ed03e0c39028b8839745dd6a31df22a,/DOC99656,/us-en/NEW-URL-DOC99656
746aa746e578f01ea3e87aac4654b408273b65f89bcce505e7f8aed8697d3c70,/DOC99657,/us-en/NEW-URL-DOC99657
356ab55dd4dc475ec735c134a767ff36cbaf62ed977aa937c2f0541bac9d1410,/DOC99658,/us-en/NEW-URL-DOC99658
04b118b1e06919c41509a580fc37709f84eee6184fda480c26492a3ea5a43ba4,/DOC99659,/us-en/NEW-URL-DOC99659
eefe1362b580f61b4fada294aa970902830b41fdb0f8ecc77a4ed3a993d3af39,/DOC99660,/us-en/NEW-URL-DOC99660
1648d342d83fc46b1dfc6710302048c8568972c95fee4dbee251d55b7fbf7c0e,/DOC99661,/us-en/NEW-URL-DOC99661
1bd68f000a50d40c48a4b1bf2baac9abd449336bdede22747c62699508c81969,/DOC99662,/us-en/NEW-URL-DOC99662
c82ade6213b0dfb6925d56c66a4bb2250da724cd49e337e89a89f3a056b7b781,/DOC99663,/us-en/NEW-URL-DOC99663
d37468e62835b71af0f88fced4fb65e75d611b7b499e545ecb92e2ab78d43881,/DOC99664,/us-en/NEW-URL-DOC99664
5300185d2e127d9ccf5fdd941c57fbe891061301ff5dca6b0d8f7d6f9d34f134,/DOC99665,/us-en/NEW-URL-DOC99665
92f269ef56e48ecabc08c491c1d66c5b0c217aee69124aa28d337d4f0924bc83,/DOC99666,/us-en/NEW-URL-DOC99666
a78bb3c343a38171af60ac29bf4dc24a621e98c8f2a8909d0e0810caab191bc2,/DOC99667,/us-en/NEW-URL-DOC99667
1922201c6346dcee18da50b3f1b53ebba0faf040b55408e3c403bb950c606ae7,/DOC99668,/us-en/NEW-URL-DOC99668
29bdaded629f845da634b4a97ebaf0390c599bb728c3713db7753e89f4c41935,/DOC99669,/us-en/NEW-URL-DOC99669
854e713de19ffe5ee21d626aaf024e503658d74d5b1cc8fdf421e55130a16078,/DOC99670,/us-en/NEW-URL-DOC99670
0c608f6cfb893d6e03b25a87f7ed60b7f76a3a3696c9943cc3a59eb47aeb8c55,/DOC99671,/us-en/NEW-URL-DOC99671
8b2cf1319cde7ceab862fc627bfb578ba63ac58278dd95e0179bf3e7ad3cb3b8,/DOC99672,/us-en/NEW-URL-DOC99672
5d6619ef9ba6bb995eb480dacdec71f3bcc6e7b401c7c5faf057eebb2b35f6e3,/DOC99673,/us-en/NEW-URL-DOC99673
7da6505dd25b89d1687ac87bbf2943ad31052c7041763a301b32e5a1e8cd7eff,/DOC99674,/us-en/NEW-URL-DOC99674
f95fd226fccb21fd585e740fdfb61b917fcae8ce13ef8dd974805ea3852b5dcc,/DOC99675,/us-en/NEW-URL-DOC99675
f5b2413cc78310dabe17d8b5eff8aaf51af6272ddc44f63d31a7ebc135b14bae,/DOC99676,/us-en/NEW-URL-DOC99676
2f50a520e5807e3338610129c8378d4f297a2f087fbb9e63ae142d8bc1ea9c2d,/DOC99677,/us-en/NEW-URL-DOC99677
c771e971e2c40efa9e1058bd89edbe7d55c8b100f75e4cdf51c2dead094404ee,/DOC99678,/us-en/NEW-URL-DOC99678
6b3edbac7791bc5922b882fd494a622392e909e14b3fa0eae13a001073cc3e91,/DOC99679,/us-en/NEW-URL-DOC99679
636a17367db072924bf75e473d81b07abd81ff09a6ddab79be14bd230f6cbc2b,/DOC99680,/us-en/NEW-URL-DOC99680
2dfd44acdf75fba207759781d59de85a556b34d81a1b6b594d166685cc3a50d1,/DOC99681,/us-en/NEW-URL-DOC99681
1a5ab5d14258bba13fd76325116a4921def2afc7ea8f1ed7e2ed9820cf3f2338,/DOC99682,/us-en/NEW-URL-DOC99682
3a52262e8e947bcf54ac42e0238e83dd2922b009679437f5451cf6b7d6289dd3,/DOC99683,/us-en/NEW-URL-DOC99683
51a1b23234103a910669ac17192525b720a95150fd240c515343d75a111a9a75,/DOC99684,/us-en/NEW-URL-DOC99684
7ba62c8ec440c45ec25ccdbbcf655e93e78b375ccbe75df75e90bda2d9921db4,/DOC99685,/us-en/NEW-URL-DOC99685
8e20c951db7fb1c67e44019a50e5441761702cacbb058bc1d242f7a9ce05521d,/DOC99686,/us-en/NEW-URL-DOC99686
d03b6c5dfb0b9c55c0c26d34b828b0813852a8361a7d53fbbd9c47ea5dcd7162,/DOC99687,/us-en/NEW-URL-DOC99687
3b9a92d8993acd2603bcaa7502fd3ede0f64c6e6e25d7dd1a59cc37c9b009f89,/DOC99688,/us-en/NEW-URL-DOC99688
53bd94e028494cb5824458d39b6a391bb5464f9d9a6de1734ab2f6333bf6b4b0,/DOC99689,/us-en/NEW-URL-DOC99689
0b68ab1e6200ba3ffebfada397b2f0164a16ca13ec74751b71fd7e2ab9fa55fd,/DOC99690,/us-en/NEW-URL-DOC99690
ca4a38e5d6bb45d0b4dc386a920ab61593f931192c6b688274e9b4a331376ebc,/DOC99691,/us-en/NEW-URL-DOC99691
1ee6921dcb9ba9daec375c0c6e33f5b16246aaec97b09fac7c1d2957a27b0ba9,/DOC99692,/us-en/NEW-URL-DOC99692
31df6024ae2ce7780a12ba9d47d0c03563ed7bf87de751baba56cd377374feff,/DOC99693,/us-en/NEW-URL-DOC99693
773a2c7c16f94467f7b20feb23d0c077167e3c1bff13732c648f80c1671d810d,/DOC99694,/us-en/NEW-URL-DOC99694
97fac533c46ae14caae6d9c9836379318132e67634b3bc953bb4069418b57d12,/DOC99695,/us-en/NEW-URL-DOC99695
1500530abee52ac236358c25fb3ab540d7729e2d003595568cf8f9cf8d8cbe44,/DOC99696,/us-en/NEW-URL-DOC99696
e42f36496381cf9e50e1734f4c19d30528a3c21b9db0f7301616344a2822bb46,/DOC99697,/us-en/NEW-URL-DOC99697
566d38732815fad86b64e1c7e9e0ce2e0b9ab8a302f0d472205c69e3f7b010ff,/DOC99698,/us-en/NEW-URL-DOC99698
d0a903f7214f9db9777c4a1392aa2c8a64697cdd624223f6f5547b98b8d99cb8,/DOC99699,/us-en/NEW-URL-DOC99699
4210ccdb40e6a411e1b45c810cb1a8493ae645311aafd43e99a77df8d19e7857,/DOC99700,/us-en/NEW-URL-DOC99700
66e4c21f6c0a0895803f4cf931d76fd7ecf580785a6c49b63c5a5e50ce7a9f01,/DOC99701,/us-en/NEW-URL-DOC99701
3f0a1adb1cd4e051cfeb9a8ccd1c8de09a6cac8e760041933db41f0590966272,/DOC99702,/us-en/NEW-URL-DOC99702
f8985a96323e313cbff9a638bfcfaa65dbbfd977ab79ddb24783d260b516ea5b,/DOC99703,/us-en/NEW-URL-DOC99703
c14adc410897159a94026f68d4455834127e565b1673687dca30a19d6e0810b5,/DOC99704,/us-en/NEW-URL-DOC99704
a15d5bd9b61b44890184b8fee90d33763c90fdac6f7d68573e86043960bb9b11,/DOC99705,/us-en/NEW-URL-DOC99705
5bbd8038e25f4b7a185762c9daef047bf173d3f9303335c611b61b396e7af0e2,/DOC99706,/us-en/NEW-URL-DOC99706
14eaa51fbf652885b99ac8a683a20fa0d89419829f9dbca0e5d46266a54e87b7,/DOC99707,/us-en/NEW-URL-DOC99707
55d6e8cca48d5234145ab300b15836493acde70566147557da9f220002fa4231,/DOC99708,/us-en/NEW-URL-DOC99708
380d349f4a908b519955125360a61144518d5808b897adab813815b450d2e257,/DOC99709,/us-en/NEW-URL-DOC99709
b413fde1f4c67a5af560b68226251020658258fd5fe8449a6efa3c1c52aa5889,/DOC99710,/us-en/NEW-URL-DOC99710
abd1420577a1098559c9ffd159022ec51fdd990e93d46dba2b11868612184340,/DOC99711,/us-en/NEW-URL-DOC99711
f596406f339bf820f05e0bfefb63bf18f2ed45b438dff60b100b309de53672f1,/DOC99712,/us-en/NEW-URL-DOC99712
2ba60c96bf7d3fb66058d5a5cd409ff487038d5bc687e18e41d0cb767ab159cf,/DOC99713,/us-en/NEW-URL-DOC99713
fd34e215f6fc8ba82e7f89f0e1691d284169637e93a1d1e7c350a28f353ee2b3,/DOC99714,/us-en/NEW-URL-DOC99714
e3e1c947cf13c211ab132cd6640373b9189841ffcdfce6bf58378f0b91e451a2,/DOC99715,/us-en/NEW-URL-DOC99715
415ed799e51b4067c480a4d7c66e029c6dd82eda51294c9f0e567e3da3f41b0e,/DOC99716,/us-en/NEW-URL-DOC99716
1fb46eb6e4462051899364a7c0ed0fd6b07688c33a23f421ffba3b27c25af480,/DOC99717,/us-en/NEW-URL-DOC99717
0c6e17597c420f1723afe7e30e13b4efe31e7ef13fed2ac74ee5cdeb4da89138,/DOC99718,/us-en/NEW-URL-DOC99718
7fd04ac44bcefae1f6766fb3959aa08f10b24244a63d88393cc58a34416f213c,/DOC99719,/us-en/NEW-URL-DOC99719
5e5982b7e18d0a4ecfe6442336f833b2e03b3a431fe11047463c64b6123c1e8e,/DOC99720,/us-en/NEW-URL-DOC99720
a53544321c74e030e4484b17d8981142d98c58ef0489530dd8291fbf8b11e952,/DOC99721,/us-en/NEW-URL-DOC99721
3a5b7447c9cf04b0e6fd7f2e1b09b7e7f26a4ded5a9038ecb95c95dc013444f2,/DOC99722,/us-en/NEW-URL-DOC99722
bcb449280220af9c9541a676133bfbd426d7ac6bbbb1eaec2bfd3c297961cd50,/DOC99723,/us-en/NEW-URL-DOC99723
31cfdbd381ec7c0b4e8ddeebe566a56e9464e3bc03600411da9eb995c7c23feb,/DOC99724,/us-en/NEW-URL-DOC99724
62ea24bef43827c980774a524421ce531910f29b44abea4c225188504d12d4dc,/DOC99725,/us-en/NEW-URL-DOC99725
fcc780cf9a6333565493b83db98ff2189daaf154aaf720abd338cd732c8dc33e,/DOC99726,/us-en/NEW-URL-DOC99726
798a2bf41b1a9aeefc6f5eb6674cae629bee548c88bbf82989cf43fbdec54525,/DOC99727,/us-en/NEW-URL-DOC99727
616271e34832f120fd320d8b357a8a6ec277a1349b592fb66a4bf3a5386502d1,/DOC99728,/us-en/NEW-URL-DOC99728
725c22896151c696c77c03ca31699860c86cd9fc74e428116d0c29f4fdbf6054,/DOC99729,/us-en/NEW-URL-DOC99729
c3e40c55bb3028d5fd9544169db1b7a301fdd021043fbee8a806711fd6185b47,/DOC99730,/us-en/NEW-URL-DOC99730
37e2b775f70997ab3b9ffadbdf5a6f4acf826e988845e3ab9e78e38eaf570a2e,/DOC99731,/us-en/NEW-URL-DOC99731
53f28ffbe0a4b55be338005a77d7867dcf80059213566585aa0c37a44300c987,/DOC99732,/us-en/NEW-URL-DOC99732
3d0971c9dca470fb983034975752881239fcb47ef032e2822d0e577db77381ee,/DOC99733,/us-en/NEW-URL-DOC99733
3e4a478d4bbba02ba94a2f47c582c6a86c11c68d04e84c170e7db5cb503e6c6b,/DOC99734,/us-en/NEW-URL-DOC99734
2c21424046d8e73f74c44bfe458c13d4d8b8fbdc43f96e04e6fe42cebc71ff54,/DOC99735,/us-en/NEW-URL-DOC99735
341782a21dbdef29191bbf0f785932f4d2110efeb8a265b98e69cbb4eaa7ae02,/DOC99736,/us-en/NEW-URL-DOC99736
968482eeea2404b8df2b0ec0c4e826548e5bb16def5868a89a4b798f3c8a550a,/DOC99737,/us-en/NEW-URL-DOC99737
fe00b4508659627a3b096ed1381e3047716f730c562cf9d31f6078030686740a,/DOC99738,/us-en/NEW-URL-DOC99738
be54bedf4e615268fbd8659b1c183e3acb713cefb64eb9c44734da571a3d7906,/DOC99739,/us-en/NEW-URL-DOC99739
01a52c48a77e6a79da52c8b650f0e661178228f80f2a11e5ec154f53fe1e84ad,/DOC99740,/us-en/NEW-URL-DOC99740
6cfb5e5c1ce1d1fd308d9f2a38dc0658a04590362896ad5887c0a19895b91b9e,/DOC99741,/us-en/NEW-URL-DOC99741
95cdc60c5c9b083ff0b4256ee39cde149003e02f192838fb1e9d9555dee675dd,/DOC99742,/us-en/NEW-URL-DOC99742
b206e2cef8f4eaf16c2266bf4277ff833bcb77b750efe69d3b1e1317171ca033,/DOC99743,/us-en/NEW-URL-DOC99743
a4d2d42a4fa9e021710900e8c83df49dd5a2b56ce60cbefe1e4e7fe2583bdc58,/DOC99744,/us-en/NEW-URL-DOC99744
a86fbef87853dca539502a3aa819afce1a5aa2d68a3f24a2b4c29c8656a51d91,/DOC99745,/us-en/NEW-URL-DOC99745
7663e95c569906cc6e5b5249857e5c96fb2923e19ba4fa7ebcc0b3e34084db5b,/DOC99746,/us-en/NEW-URL-DOC99746
aecdfabb67f9ca7b5e4dfff149000de9675bb017458478b33a59ca8b7ce77b83,/DOC99747,/us-en/NEW-URL-DOC99747
0052d7e406c81b8a43fd4b6e72c6a47bdf9442345499e104b47037975a981a8c,/DOC99748,/us-en/NEW-URL-DOC99748
4756dc6908daf46ae3565e5b93c6b829a94c03a453e93af93317ed8ca6eab8c0,/DOC99749,/us-en/NEW-URL-DOC99749
4e3fea955471a52fff3d41eb613de3c43271f1e14bc67710ae7d970c09ba2d59,/DOC99750,/us-en/NEW-URL-DOC99750
30ae000b6da52ac34c5e807a055a503d222d9eaab0063a14ec68e8ce276a558a,/DOC99751,/us-en/NEW-URL-DOC99751
ba71d066d98d25f8458efb282a9115e45431f9e6d702fca1d7198f08edab6429,/DOC99752,/us-en/NEW-URL-DOC99752
c6050d5da7aaa899f56869137f9b21794470d3a4fdfe73695fa796a0ac804eeb,/DOC99753,/us-en/NEW-URL-DOC99753
c122714df99f9b69376b63de3fe271b521e2e50690a4c7e74c2d347a9f354cd5,/DOC99754,/us-en/NEW-URL-DOC99754
5695b47b9f746dd62e8eb270b6d97b791b2550e90fe7fd19b93a82426d8ce8d8,/DOC99755,/us-en/NEW-URL-DOC99755
ee9d706191ebd82470a213c8cfafb04138e541b6f610899040f97b9c5c9b65b1,/DOC99756,/us-en/NEW-URL-DOC99756
4cdbabd05eccaee1c053ab1807c7c0d9bf0ca29d71bc166d55bdf79ff0d83e0b,/DOC99757,/us-en/NEW-URL-DOC99757
0600e38883234a28b24f7b513b68842195a39601be5a4b51bfdbb3e7456dcf28,/DOC99758,/us-en/NEW-URL-DOC99758
029422d8818e2e2014b2878c67141c727bcba1867a9044f7151abab499a15c7b,/DOC99759,/us-en/NEW-URL-DOC99759
cb005aad233e540449c6be2dc2c5d28d6aeda42feacc0a1a60db9fe93f8225b1,/DOC99760,/us-en/NEW-URL-DOC99760
3a764e949d0eac9f1287022e7e07d60ccf3fdb57bc381232b32053d4a15ed9af,/DOC99761,/us-en/NEW-URL-DOC99761
033828073c66baf38ae1f3083bb6727f41a5d32683aa4d6c355179b82eeb8781,/DOC99762,/us-en/NEW-URL-DOC99762
e8bebf51818d24864a79a2e876dbbf96d8048387f21d4e29648617fc75bb7357,/DOC99763,/us-en/NEW-URL-DOC99763
60dcc12bed5d53eeddb193f7e2fbbfc01b6640a35ad51052be3201f227dbd91d,/DOC99764,/us-en/NEW-URL-DOC99764
ecf55a5c906ace96451244879427cca9263913cce9d40e5010bb21c8cbe341dd,/DOC99765,/us-en/NEW-URL-DOC99765
772e21fe9a3893c4fea3054023f7d99b45626a7c3fac5c60566d98422ea0c1c3,/DOC99766,/us-en/NEW-URL-DOC99766
77e3bd912eec7298c497cefca257ce59326ee035cecf68f959dc2c6431a10c48,/DOC99767,/us-en/NEW-URL-DOC99767
3d279c4f922f25156b9b3bd7e7080a839ef0295f033481e36d9e486cd080ea64,/DOC99768,/us-en/NEW-URL-DOC99768
46634b46d4814d3bcf8fe01b42ea74c2042f9ef75cf4f000ddd30ac64c53af1f,/DOC99769,/us-en/NEW-URL-DOC99769
b13f62e0ef58ff289c65c24bde1021cff494628b30798da0d0f27ba89d2f27d6,/DOC99770,/us-en/NEW-URL-DOC99770
3a099d53d6833e85c55543da5a9dc1973b3f2bf11bad0c845de0afe2f7b5e57d,/DOC99771,/us-en/NEW-URL-DOC99771
de856a9aff11802083e9a64024f7dd5902b8ff58de3299447c8342e1ed9b42fa,/DOC99772,/us-en/NEW-URL-DOC99772
5c05828a51414353302da9b1ccc79681476595b522b30ff73c05054c6d03924a,/DOC99773,/us-en/NEW-URL-DOC99773
402701578c4cd4fa9b82537f64f138224b2962ad5195cce524dcb636bbc2f630,/DOC99774,/us-en/NEW-URL-DOC99774
24919e72ee9a7d1dd31e68fa70b5ab9594f7eee697f58749d71c4d24e648a52e,/DOC99775,/us-en/NEW-URL-DOC99775
621721b617fb11122e0bd61b5f36543b1004e1aa8be812b6e0bc8edad3765322,/DOC99776,/us-en/NEW-URL-DOC99776
eb1ddefc7db440847f6487a30fe5c5b9cf5cb567a569114bc6ffec979b31ea0d,/DOC99777,/us-en/NEW-URL-DOC99777
13c2fbae3db6c730c61f219fa3312a31a0b70abf0094b3f7acc38929e1b6c5a7,/DOC99778,/us-en/NEW-URL-DOC99778
309697c89b1584c09be056015de0e743818d28dc33e32bb5b3d57a9f5c0a45ac,/DOC99779,/us-en/NEW-URL-DOC99779
95fc4da20b1ceb979bd0d1c30cbfa23420f23b62fe982188a50f07ad83010a78,/DOC99780,/us-en/NEW-URL-DOC99780
55df4382220d5f23e14beab87a278efd7293f5b13b030afeb68ec0b7bcce6b04,/DOC99781,/us-en/NEW-URL-DOC99781
489bdbad74c345126637679a8ec8f40bba8b1ab27cf5ee4124392e615a8b3c35,/DOC99782,/us-en/NEW-URL-DOC99782
9d20865899d857ddddea5fa00886c258baa22b32fdbeff76f970c60b58542256,/DOC99783,/us-en/NEW-URL-DOC99783
03142388e211ce16d18e560e1d5f838358412fb55586f4a5f375278518711d3b,/DOC99784,/us-en/NEW-URL-DOC99784
db7e3529f813d267887a9ac79685397634ebd8f0aa5b44d510c21b9f74449de3,/DOC99785,/us-en/NEW-URL-DOC99785
17322eebae88b23aa6f716c0234ae0e969981260f16791349f48cbc918a8616a,/DOC99786,/us-en/NEW-URL-DOC99786
73e53636b80b125774b81c5943685a546dbffc4eb23798acf5ddbfd2d43093a4,/DOC99787,/us-en/NEW-URL-DOC99787
4c29b85900bfd4961bb0f79a44cd9299d29272f40fadbcaee8b8e26a20867f5f,/DOC99788,/us-en/NEW-URL-DOC99788
a15262bd8f824920f5c59ddd3723d3564c2f2087f55bd20815c27d6bd2665123,/DOC99789,/us-en/NEW-URL-DOC99789
d60d42b3e29f6e13637937388c4cd5c3cb09b2b1bedb3254392d0a8bdc96a0fb,/DOC99790,/us-en/NEW-URL-DOC99790
badf594114228f89a324cceb0d256120882e464357420e8339363b0ad6ef6026,/DOC99791,/us-en/NEW-URL-DOC99791
1474433194dbe3f5e8a2ac79ba26dc12d1ef00715e238c7a04b7a017bdb24a4c,/DOC99792,/us-en/NEW-URL-DOC99792
6fe5708c69d62481389f2feb56893dade541be0e601740e94ad3b7c62995b30c,/DOC99793,/us-en/NEW-URL-DOC99793
2ee4d23fe450519ebbe2eb3db956aa1634dd2c093489ff0cac9a72dde7a7dd5f,/DOC99794,/us-en/NEW-URL-DOC99794
8badb89a7829677c4e70387802542d102a00583088c280eee7ade7278dcbab6c,/DOC99795,/us-en/NEW-URL-DOC99795
70ee180670ec5aafa94c89fc7f80ae2d152662dc223b267115c74208f6805d2f,/DOC99796,/us-en/NEW-URL-DOC99796
bfe93898288d0c9e475de871ba6bf4a6fa3e7ce2244d3bbdd815eed4dceb42c3,/DOC99797,/us-en/NEW-URL-DOC99797
ba4b75e04ff07b1956dc43a39031af9cbf3a7de06d96eb250d714b7f86fc0fc2,/DOC99798,/us-en/NEW-URL-DOC99798
5732cd665dacadad867f64f33bf7c1e0d52efa3f222365a9b7031487ba429420,/DOC99799,/us-en/NEW-URL-DOC99799
6747ff8eb24b34d6d145a7a5b574b381109dd942954bd966538d3c9ff9b06ff0,/DOC99800,/us-en/NEW-URL-DOC99800
a5657ec4746347ba244a60645d4d2167ce1a3884f105988532b40de09902d161,/DOC99801,/us-en/NEW-URL-DOC99801
e6c6e7e4303d7b9210624b6847205444d3c2ca9d0b1dc493b9b9fde7a8064dd7,/DOC99802,/us-en/NEW-URL-DOC99802
fd113e7b866a9de03dd1006122f40a78673a6530320716482dcac2c6ff59d235,/DOC99803,/us-en/NEW-URL-DOC99803
fe7c8b341931269071a0dab45da24026abc18ca1cc544dc7c3f95ba177a5be35,/DOC99804,/us-en/NEW-URL-DOC99804
54941ce84406d5560c5afe79680c7218a0672439321b4cc941daf7dc08828823,/DOC99805,/us-en/NEW-URL-DOC99805
fa26674d90e2ba2291a121ad11e44d49d9ca3c28d7a3ec2059d6b4a4bec40902,/DOC99806,/us-en/NEW-URL-DOC99806
05e41377ef729e72f920091689d80ca7097df247338109027cb68361a577255d,/DOC99807,/us-en/NEW-URL-DOC99807
50585aa319c6b7b114f70adb87bf40bf8cc0b2f478f37477e93949d856a10b76,/DOC99808,/us-en/NEW-URL-DOC99808
db21cb2f2f67a1c490acee6cc334e66cae96c61882ad78b9a889a807d9760f28,/DOC99809,/us-en/NEW-URL-DOC99809
422a86bf651ab26a3580d6bbba41649d9ac3475cf8fbf3d40bcd6172b2d20c2a,/DOC99810,/us-en/NEW-URL-DOC99810
c1579ba5b33d6784bb1ae29c7f6ae56aa0aeeb96b721a0325731be4b3442e4ad,/DOC99811,/us-en/NEW-URL-DOC99811
9cdee6df7a636661fa8ac6584f3f54288e8a451d5b868567cce36a774f3b176a,/DOC99812,/us-en/NEW-URL-DOC99812
6ef2123ce490fc91ac31775ca07f935b26c430422aea3e1798f1615a207155ba,/DOC99813,/us-en/NEW-URL-DOC99813
b2a22d3910d05caac213bfafd9d2dfae0d076e2b158a9cdef5c1f447be40e90c,/DOC99814,/us-en/NEW-URL-DOC99814
7700ae4a2e0df9e7c7c7864c4bf9b09f25a65b56b31e5aa9d757248ff525a4f0,/DOC99815,/us-en/NEW-URL-DOC99815
7e033e1ef60f16c285ca69dd7bda46ee785aead9a062583373d2fc6ac8430e24,/DOC99816,/us-en/NEW-URL-DOC99816
197ef70fd6d1f191504269e0bb54c2804a0fdea7c08e014cdaa44c2c4555189b,/DOC99817,/us-en/NEW-URL-DOC99817
5f3ec3f5faef5c846f975e7eced5f67ac36cf91ce4c4c93c9c4da4ec4716e475,/DOC99818,/us-en/NEW-URL-DOC99818
f99b77c0b957aadaac32827ef7396197b689e9ccedf2893c13f61902704a8c85,/DOC99819,/us-en/NEW-URL-DOC99819
91da671dfe74653c8a76ba6aadc617e7bb03e34c03f114d4b3d259e4bd8e2109,/DOC99820,/us-en/NEW-URL-DOC99820
e7aec20f80e7786e9d817588453dfbe4feb9f083f335492ddd0e18420305753b,/DOC99821,/us-en/NEW-URL-DOC99821
52d1b5834517ea2cbb08e94ff667f1a14ca4526337b688e686b9b43549d191d8,/DOC99822,/us-en/NEW-URL-DOC99822
44022945642b335da4b7b4337581638a1d6a8857b05183cf39d8fff7ab7ad64e,/DOC99823,/us-en/NEW-URL-DOC99823
e284068ad1cd90a81d9ebf97abd02c2a7ee0c70fcd1b7d8a66af3872e4de4424,/DOC99824,/us-en/NEW-URL-DOC99824
f5923f069a03b1e237e2ba2949385d323123c896ab58ff6e2e7c942903838be7,/DOC99825,/us-en/NEW-URL-DOC99825
bf4755b65d2b6265bb09e6495d57a5045e67b9b68ef94d8851140415a874734d,/DOC99826,/us-en/NEW-URL-DOC99826
31daee27cc89d9f67bb307a0976accf3fd793b250dfdbdabe343b5d2facb8403,/DOC99827,/us-en/NEW-URL-DOC99827
f473963f3c343a644000ced835d4ea4c62402087eabbf41be93b32e700f8a994,/DOC99828,/us-en/NEW-URL-DOC99828
282515bdba26050a437975a600a23ffc89cead9d0ca50c6897826c05268524ee,/DOC99829,/us-en/NEW-URL-DOC99829
0196f616bd8cda9c9b416d6ab3806df572336c17233bc4d3ff6c4040de4eacfd,/DOC99830,/us-en/NEW-URL-DOC99830
33395b9a6376650a35516367ca6a059cea63c2b19d02926b984725bbe21ce616,/DOC99831,/us-en/NEW-URL-DOC99831
b5a0a3cc1948dd721591532956a23d434d01a0fb84ed077e602357208b729944,/DOC99832,/us-en/NEW-URL-DOC99832
8d291dc0ca6b01f3a18be298b64bffc1893638a5d867f7133a29e68953b3c691,/DOC99833,/us-en/NEW-URL-DOC99833
3cf1bddae28344e3d9249968a91fd3509c248f3ca86f379a133742f61053983c,/DOC99834,/us-en/NEW-URL-DOC99834
db21a1ea39515b39011e1caaf56bc27dd8b3e1f74f05596d77f1d73ef9c26753,/DOC99835,/us-en/NEW-URL-DOC99835
64d72508d3f0710924fdf6e64bc8dc2ba0e581b9567e63056d54a02a4d1e559a,/DOC99836,/us-en/NEW-URL-DOC99836
e95873ca1ef812af518ae792edc986997734fb33132cad03f91599688ea39048,/DOC99837,/us-en/NEW-URL-DOC99837
2318f8fc458d3992512c30720c9ef367b1a7585938cc9184daca0e14ba55ce18,/DOC99838,/us-en/NEW-URL-DOC99838
5a5ba376e73b61a9657296612129fb7c8b18eb7b561232821221b100685d4acf,/DOC99839,/us-en/NEW-URL-DOC99839
2c81bde640e281ce79972052fb305be6ff8d9b06bed7b4e9bcd8d2a9cf11719c,/DOC99840,/us-en/NEW-URL-DOC99840
19af7f897d733ba4c10de8e56cff53780922e1f0cf6e768f54572b78dbb10032,/DOC99841,/us-en/NEW-URL-DOC99841
28b9b2a3bb166d2273318979dbc5472780de88a68b8b1a68b4aee121b5a23cf9,/DOC99842,/us-en/NEW-URL-DOC99842
76aecca01560c79b5d3b91db40929cf0ca77fac753797a12ca0f1cccf7ead94f,/DOC99843,/us-en/NEW-URL-DOC99843
04dde243914dbbd160c6d2d91fae8ccf789389de7214345340e8d44cb2c2c292,/DOC99844,/us-en/NEW-URL-DOC99844
56714caf7d5c20ccd4ce9d9de1019eff7390b9f93f317aad5482d6cf42d7033d,/DOC99845,/us-en/NEW-URL-DOC99845
c9aa587fa3d2fa5af62d7b47fa9be462290592bfa070fd9339f422551d328f96,/DOC99846,/us-en/NEW-URL-DOC99846
2f6e59b7a1bbf3afa6ca0529c7fc75fd965c2af5c427b51d2b3079b8ca8b8b26,/DOC99847,/us-en/NEW-URL-DOC99847
aaed679a5a6caeb10c88e6d4603af0f0d626ed2de9d4ac3372c0442c7400299a,/DOC99848,/us-en/NEW-URL-DOC99848
c3b8f988134f4cbbcabb731a69de289140eba19e02472a51e715ed92ee12c342,/DOC99849,/us-en/NEW-URL-DOC99849
1966c464df84f364565ce87eed1b79a6f2c37f1c962cfe5a83da101831108958,/DOC99850,/us-en/NEW-URL-DOC99850
68dcda7a6f376bdbcfca27dcf07682f701ea55ddb172c92dd1af3918ef8aaaef,/DOC99851,/us-en/NEW-URL-DOC99851
1ada9b0d01fa7b593b6ba8e7f2cc1a263361f17525d2d3497c01dfcecc7f597f,/DOC99852,/us-en/NEW-URL-DOC99852
2e1c98e85f92e4fb7508fd982a7b41864909e914333d2edb65d349b4026f2c57,/DOC99853,/us-en/NEW-URL-DOC99853
b9b617463d0acb9be785442dd7b1287826d472b0b4fcd9fd59845b91c67d2796,/DOC99854,/us-en/NEW-URL-DOC99854
01807b443cada8ac11c903bb13106522bbd48b81a41f65906aa71b0a621f09e5,/DOC99855,/us-en/NEW-URL-DOC99855
1575a4c329e4fb76cd9165525ab48002814a8167a7f9b196e5dbd52fb0d8836f,/DOC99856,/us-en/NEW-URL-DOC99856
251de03b784085daae1b8b32461f57b0b678af8a19727580c5c879efe7822b77,/DOC99857,/us-en/NEW-URL-DOC99857
c2f9311a2d7cdd1b33f728f5634e5aeebdcbb8564f2155203c90661ba16bcca2,/DOC99858,/us-en/NEW-URL-DOC99858
39b78d80b3fc307e376bcebc4c7e02b89fad045151c0768668e98a593cfbe0df,/DOC99859,/us-en/NEW-URL-DOC99859
cc4453ac9463e01bd42a9b41a0eb4be0806554b7d14279a4e77e6b7f5558eeaf,/DOC99860,/us-en/NEW-URL-DOC99860
60156f18a528075a96066effe3ce5f4a2277a020c8a94175abb2db36a7597a87,/DOC99861,/us-en/NEW-URL-DOC99861
ca0bca024b99ec0d549612f95601b6ed6bf062695e36017dbebbc882b1d2975d,/DOC99862,/us-en/NEW-URL-DOC99862
404f633f9876585d17bc8c527be43be09e6a2d6988c821ea01ccdf00ffd68df8,/DOC99863,/us-en/NEW-URL-DOC99863
41ad59dc074a82c3676a361346e3ef6584a2c5eeb0b6dbaa413e40ab4c90b6f0,/DOC99864,/us-en/NEW-URL-DOC99864
ed1c26916aa8bc2174f744350916269b3572e20fba474eff68a910af37054087,/DOC99865,/us-en/NEW-URL-DOC99865
aecd1b44c035e455f8a4faadce0ddefbce7bf9f6c17c2315e2cdb2e48f45affb,/DOC99866,/us-en/NEW-URL-DOC99866
b78c415627dd2e4f8e2c29da518091c1623b78986ffae46c9dda4520d6b252fa,/DOC99867,/us-en/NEW-URL-DOC99867
48b40a34c2d95e679dce7dbac0cdd2168c4ac9e8d1754c0ffdbb6f03aa436347,/DOC99868,/us-en/NEW-URL-DOC99868
77033c4984000e585ffb61dad7f5e41bba16664092fdd1929cefa3c529dcfbb6,/DOC99869,/us-en/NEW-URL-DOC99869
be58930ad2ec36375bf0a02cefdc25a6e34e281e9626f2a9cd3bae3a68d875e6,/DOC99870,/us-en/NEW-URL-DOC99870
b899a7d4aa074b36a6c2d10e1923a5fd8c196dcabfe08bd4c8bc01fe6cf93538,/DOC99871,/us-en/NEW-URL-DOC99871
a700b3929c133e73be467ca59e5371bcd397b01f8e48d41a72c813421c23285f,/DOC99872,/us-en/NEW-URL-DOC99872
0bfa19f749a422b0a9ddef6c81e56ace95135db867747df7cf45cdd2ee19bfc2,/DOC99873,/us-en/NEW-URL-DOC99873
7961bfbf63f52dc8cb7a1df7606754b01c31957f13a6ae425e0c3be3849daf49,/DOC99874,/us-en/NEW-URL-DOC99874
2adb9ff1c0009f0f61c927a5269a2fb341779bb302970d7557c8d8577dd07fe3,/DOC99875,/us-en/NEW-URL-DOC99875
147f4d122dcfafa513d1ccf951876a429a959541ab3c9ed574a27fc32ac58d8c,/DOC99876,/us-en/NEW-URL-DOC99876
b82c29ab241d7ac38dc6106e3c4ad52e01be3334bcfdd0f82600b264ab7d087b,/DOC99877,/us-en/NEW-URL-DOC99877
ff7f0c7fa9c7bf534d9b358ed5a362ee201e3bed8fc3b5834a7ffe1953c1677d,/DOC99878,/us-en/NEW-URL-DOC99878
1ab10d49b74b4cb44404a26577ffbb556a1c479341612b9dc94238a4cb38b6bb,/DOC99879,/us-en/NEW-URL-DOC99879
4ccc70172c699d5d9ddce24b8ba16ce199ecc11be413ab95890a8b25e590f830,/DOC99880,/us-en/NEW-URL-DOC99880
b37cf5f10c73f9c4e1805b193fc89401575b902e93d74a2d6e33988e496c0199,/DOC99881,/us-en/NEW-URL-DOC99881
7fc16b83143d207ed6683a789682eb84c710c41e1c1ae29ed090b9341b9eea5a,/DOC99882,/us-en/NEW-URL-DOC99882
69e8b6501487aa6c751ea16294c568a540f10f1c1c4326c042bd603287984f03,/DOC99883,/us-en/NEW-URL-DOC99883
8f2b3c7ed1ed49750f641f568d4ec1a7f840bd329659609ac1b8412fdb87ff9b,/DOC99884,/us-en/NEW-URL-DOC99884
6f30477e60dc8d0b8743431b75043227f12fa8d28ee7162f253cda2a4f86084a,/DOC99885,/us-en/NEW-URL-DOC99885
62fdca0c08dfabe8886ec068ac51f78eff3e18dca8c287f7ed369d8ef353b4c0,/DOC99886,/us-en/NEW-URL-DOC99886
8e9cfed065191928dddad264fb17a71805b4ad93663aaefd58f621ecfd4e7c94,/DOC99887,/us-en/NEW-URL-DOC99887
f1290c41cdcb9e354653a16ee656a43773a39b068bb2d593306b12957159256e,/DOC99888,/us-en/NEW-URL-DOC99888
7cb79730062b8ed5d575368a7038970ee7dafeb0a76e55ee7a2db89ae1a99138,/DOC99889,/us-en/NEW-URL-DOC99889
b1d33fdc50e917678165fdbded42da21e5848bb81255e940bd6a2e6c50c4882f,/DOC99890,/us-en/NEW-URL-DOC99890
6361e17a448e9f51c043a2ed0aa965de62e7f8159d4d7c3d2c101a8b12786695,/DOC99891,/us-en/NEW-URL-DOC99891
1241f0cafefe09f2596e0648ec1af449198692c690789b79d4a2fdb20ba69993,/DOC99892,/us-en/NEW-URL-DOC99892
8496034964cde2d5a62ac6c8dd4167055f5062d5b5308c9e36d6024f4e356b85,/DOC99893,/us-en/NEW-URL-DOC99893
d19de3e9ba03baf9b5f407f26afaed3d8ae28f71590a80ad0e4d97cb3b408fcf,/DOC99894,/us-en/NEW-URL-DOC99894
b43a343468bd498089fbdc60c40934b28e2874b90851ae196dc9fc2fb4d1d0f2,/DOC99895,/us-en/NEW-URL-DOC99895
b303eb212ed05014531d328ed26d390f228eba2c0a35c9c1d2741220fde37539,/DOC99896,/us-en/NEW-URL-DOC99896
65a5a51effd4a61143d2085addf48c27cfdc1e40cfedc0367e11c29fb6ac8858,/DOC99897,/us-en/NEW-URL-DOC99897
9d9e00f66bd9a241aa7df2df3a89c05b92cad2ebf2700db8dee05f01149b0cbf,/DOC99898,/us-en/NEW-URL-DOC99898
eb6a4e1752edce042570a3c186927c0ef322321f76963b0869325c9395797ca9,/DOC99899,/us-en/NEW-URL-DOC99899
7d929c4511ebc946c99c6d504e5a7de5a3446dfa9dc65d479602cd3d34c08dee,/DOC99900,/us-en/NEW-URL-DOC99900
c7921e219307e681486019a618d173812b6973686766b2c571bec8d227100b3d,/DOC99901,/us-en/NEW-URL-DOC99901
6a30008758d3d30e9e2ca5f1328fdcc61c0576d76d83cdc0186678d130647928,/DOC99902,/us-en/NEW-URL-DOC99902
0f1d05e32fc62050f1d6d81251820789d2c6465825534ccaa967c3265ea59965,/DOC99903,/us-en/NEW-URL-DOC99903
fdc1ce356ff80222202907a161d12199dddb0dea36b443db1758958b947c9308,/DOC99904,/us-en/NEW-URL-DOC99904
be338ef2eb6197a9ace87dd0546570a4d959c1870d4859fbb4976bedf139f2c9,/DOC99905,/us-en/NEW-URL-DOC99905
29123588cd07366ccf3612b9da5fee3b2834e885d0a4bcd5ea30847ac9238e46,/DOC99906,/us-en/NEW-URL-DOC99906
0d2c4fcee689b27a6ab549a1dedfb306e89bf3a9e37ce24a52a76fa9fd77ed4b,/DOC99907,/us-en/NEW-URL-DOC99907
56e309d6a52f61235d1f2729bce376f8418ac2486eead93535a97cdaa3c45ba6,/DOC99908,/us-en/NEW-URL-DOC99908
0fe3c3d0fb2f4f2dbdcebd5a14a9d522b062db6db187970d5170754d79db8d25,/DOC99909,/us-en/NEW-URL-DOC99909
292f095cc006ccd1033fb46fbd923cff48bbbd27b59835312f28bb192837d6f9,/DOC99910,/us-en/NEW-URL-DOC99910
c3bc14796f199bbebf4907f97b10fa7de7134742546c22712d35623a2c4e34c7,/DOC99911,/us-en/NEW-URL-DOC99911
19c0ecad2802a4bd693248679abcf2202010eeefafa2be5db970b9d161f0a903,/DOC99912,/us-en/NEW-URL-DOC99912
1d48c546c4b06a1e1b5c5efa34f36f2add81916749f5912580b9909fefab8559,/DOC99913,/us-en/NEW-URL-DOC99913
4751993ccb26f53e65778377c397b6cb35c125fa9e35fc127e64acff967b77df,/DOC99914,/us-en/NEW-URL-DOC99914
7badb3275f200977e041ea1c74511d293c8e92da4a287e191597d23cbd611bc4,/DOC99915,/us-en/NEW-URL-DOC99915
c27e111a5e99973a1587f225e94dc93839724ff6aeea40f33887f7e7ee2651ce,/DOC99916,/us-en/NEW-URL-DOC99916
6eb66aecb731e3af7eb005800b6eacfe8fc80cc7ca717740f7a08705da66ff66,/DOC99917,/us-en/NEW-URL-DOC99917
aa3f57eb0a2b4b4c441efbb71951425565a22d65b858919dc36e286da66b1fd0,/DOC99918,/us-en/NEW-URL-DOC99918
24aff4d32846fc2bde29a63b02e6fc88ac6cfcdb8612ce08893a38048508491c,/DOC99919,/us-en/NEW-URL-DOC99919
0ad42093bdef7beaf52ffd2f865f7ce1a4f2114f87c24aff2f1e9b5f627e4558,/DOC99920,/us-en/NEW-URL-DOC99920
439152db2fbea6cae1e38643b7baa569af0380edc9dfb30dca1630d0844d99f6,/DOC99921,/us-en/NEW-URL-DOC99921
8c8834b78d68084772033e4164f1eadcec19c60d019c193c583eca4a0c48d4e1,/DOC99922,/us-en/NEW-URL-DOC99922
e590c3af02976b66e633765e2732f548a9e1a259e08f66166edce803d3aed7d0,/DOC99923,/us-en/NEW-URL-DOC99923
494d957e31c9e2d9b398ddba9b271580321ac896262148b44f5fc27f06dce0a6,/DOC99924,/us-en/NEW-URL-DOC99924
ca88754e04a8d618ff9f9737ef8ede30a87d097d45b70f4bc69d886248e47150,/DOC99925,/us-en/NEW-URL-DOC99925
acee0a08ae2f2d34779f2ff679366df7f0719b5ff8a9ecdee5d8ab3145172d16,/DOC99926,/us-en/NEW-URL-DOC99926
a250df4cafecf48fb6bdfe13f3f7ec2e0d50071d0166620f600ecbf92e016c61,/DOC99927,/us-en/NEW-URL-DOC99927
7ed787097b81c8e27b8658dc6ceed7c112549be2375c8090c85f2d262ab30292,/DOC99928,/us-en/NEW-URL-DOC99928
8026a52d68626d73ef5455661bd5954d4bfcd498399d2681da03d63a6f333ca1,/DOC99929,/us-en/NEW-URL-DOC99929
841aa76fdc89b566213f32cedda7074ff1a388c282202dbbf671012598f09b4e,/DOC99930,/us-en/NEW-URL-DOC99930
4f88e06bd179de77ea9bc7e034b1a6b9be2a44ed1986f324732a2915e98e90f3,/DOC99931,/us-en/NEW-URL-DOC99931
9ef6b93264344b98896b7534b3705ae1e12e4c3234e62b252bf8cde58f5bf569,/DOC99932,/us-en/NEW-URL-DOC99932
d0e4a090dca3f6ace6b2675de5de76bf08f079f85aa9cebda8578bc45d5e2529,/DOC99933,/us-en/NEW-URL-DOC99933
768a7f5fae33f656e5cf0b36a2b79e77ef9b82886f82243b31c4a47245d7791f,/DOC99934,/us-en/NEW-URL-DOC99934
2f0ebc50e0b29d2ef0bb56486b4d159def2adbd62814037156a9b8225313e120,/DOC99935,/us-en/NEW-URL-DOC99935
009cb693082fd4acd6614b30533d2c1d07df9062c2737d3a159cb05e0f72d182,/DOC99936,/us-en/NEW-URL-DOC99936
36d3bc2f48e0a5a4788c738c899c445c4e532c6d699fa3f8dd09626c903f6611,/DOC99937,/us-en/NEW-URL-DOC99937
c31719853b2a3de5a1182e1a612698434ba43eacc7175f85e1a2ceb65569af3f,/DOC99938,/us-en/NEW-URL-DOC99938
cfbe234ee85e84133197785ba1dc71c685ba4d6279b608ef113652be60c7ac1b,/DOC99939,/us-en/NEW-URL-DOC99939
12403b6447789f0bc0bf7b6eef5a8d662b231ed3932cf4dc07df64783b759841,/DOC99940,/us-en/NEW-URL-DOC99940
25bc912dc44cb9f296a084d94bff2c5c950a7aef97af01b80b1f9989a6a06847,/DOC99941,/us-en/NEW-URL-DOC99941
2e06f5b99ed2318af0403925611b41fcdd53bd0c3dc51fef0b290d9c27b78e81,/DOC99942,/us-en/NEW-URL-DOC99942
91e10b3f0cdf50f8d70151a83c4a1af62609adde373d5e7cf46c11f5a2742480,/DOC99943,/us-en/NEW-URL-DOC99943
5761683bf9ed8a500552f9589f157a6fac018af678d3ee671b7ba7dfadb8bf0c,/DOC99944,/us-en/NEW-URL-DOC99944
08386cc0c1fe1461abb97c706236cd45978ef1b5c7e7c950a09f91ab1346f5ef,/DOC99945,/us-en/NEW-URL-DOC99945
233e658265d975f9da12a831060fd7c128e64bb65b67b5a025d7a532f7038dcc,/DOC99946,/us-en/NEW-URL-DOC99946
2fb45ca07095ced9704e4ae7cfd78d344cf31a87ea74e0fd05519aa7287274cc,/DOC99947,/us-en/NEW-URL-DOC99947
3f8d67732b29f867110dac026de2d03d0fd63bebffcb9380a2edfe157c900a1e,/DOC99948,/us-en/NEW-URL-DOC99948
54d710c059e08eee272982412a4ac18eb67c74ebf229011c8c21f9ee546199c1,/DOC99949,/us-en/NEW-URL-DOC99949
a2136ad16e8441c383c5a0836547be25b8847481b3391a9cabd7ad5a9bf28884,/DOC99950,/us-en/NEW-URL-DOC99950
118a2ce59397bc74e5cc6f1691f9117a11e537e8ed45a2fd1a1a49f721ef4355,/DOC99951,/us-en/NEW-URL-DOC99951
d3b40e67165b0bc509a8931e62a8cee3569bc59cfaeaa1973642e55cac08c453,/DOC99952,/us-en/NEW-URL-DOC99952
95f04ae5922f5bf706320fc4fb16d795073a9019ee1bb6dc54fbeedafc060d31,/DOC99953,/us-en/NEW-URL-DOC99953
a37fcabf5e86a40a0ccf0a71f469f3128297c1d832ddd460f6a948c04e454661,/DOC99954,/us-en/NEW-URL-DOC99954
888bc8c1262852d9502321c1552dd7ff1ec7a37da22ecb3db81a2bc61266d93a,/DOC99955,/us-en/NEW-URL-DOC99955
b461c9638ded3dde90a022e4066df3f324cf923f2f6d851b43727eca1957f6b7,/DOC99956,/us-en/NEW-URL-DOC99956
4666fcd1747e963494df66b2bfc4ce96aa02b6bcfa98ff71eab7f60d023d2420,/DOC99957,/us-en/NEW-URL-DOC99957
8664a4e022293337c06dd24d7c16801ce6ba78c95e24b4ec69126df8f3442ec6,/DOC99958,/us-en/NEW-URL-DOC99958
d88de80b871296ddcf4befb9dc35d7c7d45598c6d55fcb357fb8ed0c2fd1a866,/DOC99959,/us-en/NEW-URL-DOC99959
9fed5b27c2f2649c67834ea3deaae6be0c46aace8abc469e8db8e9c6c799749e,/DOC99960,/us-en/NEW-URL-DOC99960
103b012937f456d86d3d3b08e9c1e3c9e1fee3c91bb3998b63456b49f9124291,/DOC99961,/us-en/NEW-URL-DOC99961
b157cdd08e0c58cede3916305a7ce40cd0b739b96843c5c3de35243f0743edbb,/DOC99962,/us-en/NEW-URL-DOC99962
6970469503fa7d13a05e50c412ce20f98224ebefc814986d2297f26901cd28d8,/DOC99963,/us-en/NEW-URL-DOC99963
f6b90e4a05914b835694ac30785d8c55913ab255eb209527274d4758c32e34ae,/DOC99964,/us-en/NEW-URL-DOC99964
f65c00ef541fb1de0dd60382b348c71b0b5784fc861c51c6274929581b99e7a3,/DOC99965,/us-en/NEW-URL-DOC99965
4b8c99b5a8ddfbeb963a60d1f11c0de47f3eaca1703d58fb6257ebc67828c611,/DOC99966,/us-en/NEW-URL-DOC99966
e42ea3e1436c0cbe213f8121ae6465874c61425b64348bd33df11cb3c424f3f0,/DOC99967,/us-en/NEW-URL-DOC99967
0bf02b6bf220b398ef3dd5285b6b367113f894fcc3174a439a07d8bf87f3f6ce,/DOC99968,/us-en/NEW-URL-DOC99968
2190013c66d0a4dd0d9dd67368fa9599df2e1b6e78347e55f09c3c200f7875a2,/DOC99969,/us-en/NEW-URL-DOC99969
09055d0e3e7ef6c1dd134c47b1ab0f328b29dbfc7ac86e41890a6d2b621eaac6,/DOC99970,/us-en/NEW-URL-DOC99970
14e0babb360d819e4f59b103609611be04904307b934e087490c6906a8b55ac7,/DOC99971,/us-en/NEW-URL-DOC99971
fdbf4ea71e8093f75448886383b43f6abbd6e12ff593248f95b05933f3a9f098,/DOC99972,/us-en/NEW-URL-DOC99972
08c7065e1f98bfdedc6c23dba1616619e93b52b7547ab224081c6e2b1f2a765e,/DOC99973,/us-en/NEW-URL-DOC99973
0fe28176efabbce8007d62e199411eb4fb391bb9af8a837bab37e45692b8607f,/DOC99974,/us-en/NEW-URL-DOC99974
7f0de7267772b3579e95fc0a0c3fada16fde5ef0efdc7e8876a8529de76358d2,/DOC99975,/us-en/NEW-URL-DOC99975
b2ac1e8e0408ac58a37dd0f1bebe4fdc5cf419014cc97e4166b7e6fb25a90ec3,/DOC99976,/us-en/NEW-URL-DOC99976
4799046330acf6bb6489478d695da444b0a0ff1c40ac54064c09fcd93b5e921e,/DOC99977,/us-en/NEW-URL-DOC99977
06d14b39281bd151fdc6062f2d2fe07825d0f8f4e82831119930379b9456e211,/DOC99978,/us-en/NEW-URL-DOC99978
e23bc70a46e2cfc3ead126fa29aa90c0dd9ec4f5355ca35447b18545cc3ef9ed,/DOC99979,/us-en/NEW-URL-DOC99979
8b94720953b6e0c8a501401c09d9ddec9dbc82ba29bdefbec0503f24b83ac0dd,/DOC99980,/us-en/NEW-URL-DOC99980
be2c62297fcf5b1f0eb1e4010a506cb102f3008e97eb06ff386917c3a2ab27d6,/DOC99981,/us-en/NEW-URL-DOC99981
cb646a8296b71d83f17810a72deb842b66a2b7f70434b0da29132d92a67c96bf,/DOC99982,/us-en/NEW-URL-DOC99982
8bc3733e4b1eda7ab7e162b8c027beee958d17169c51d64b16b32c73d0d9c7ad,/DOC99983,/us-en/NEW-URL-DOC99983
f55fd3d585e7bc253e8c5fd3394924475d64fc6b362ee5f807241d3978c7d8aa,/DOC99984,/us-en/NEW-URL-DOC99984
bd1bb9d550bf498b70d4fee19758fceee5f376ed3f8919c7adbbb2ae9e6e84e8,/DOC99985,/us-en/NEW-URL-DOC99985
45cf37cce8242b82413d17eeab650acd9e6da3e0ea97b8654ee1f70516a0bbf1,/DOC99986,/us-en/NEW-URL-DOC99986
19e7beaddf14963150c8f7af9d168971508e28a1e0de86da374409bbae744e51,/DOC99987,/us-en/NEW-URL-DOC99987
83139d566fc0a1500965a60024f309ecafd96f330946de1f46836beb30f8640e,/DOC99988,/us-en/NEW-URL-DOC99988
294ba0c45b5d51f4f9057af28db0ccd111943824243f1c219fb80807ea89ce46,/DOC99989,/us-en/NEW-URL-DOC99989
8e12376a60f187e5251d0113cd39f2ad11bab848768fa67dddf724ab5d547dff,/DOC99990,/us-en/NEW-URL-DOC99990
7cff4003457ac39c0495311884d6888a4d2acf8aef49ead50fdab0708f35b75b,/DOC99991,/us-en/NEW-URL-DOC99991
e8120be20850ac2cbba46b009b08ac543a25fd5faae34806e9e3062aaf1bb030,/DOC99992,/us-en/NEW-URL-DOC99992
e6aa789bfa27ca67de5bbc3964cea266cb037ec64fc61a0a6bf376d6179bf59b,/DOC99993,/us-en/NEW-URL-DOC99993
34c5bd5e0fa4951b7d7c4836e386f7e6f907c3003a34a5517f0521161539566c,/DOC99994,/us-en/NEW-URL-DOC99994
0a2ca984aee629b63465446ab5113b0855ab053adf135c31e3f4bd8710f27005,/DOC99995,/us-en/NEW-URL-DOC99995
14c92fa3a8639778ece83937f746fd5adb323f5fab683d39a6c20addb2fc3422,/DOC99996,/us-en/NEW-URL-DOC99996
4471de1c1353a061affa0442dec2c157eaf7ded81fdbf97bc6130c3d92e84de7,/DOC99997,/us-en/NEW-URL-DOC99997
efb2edf61d03788281608e0e534c3e762dc59ebc8fa202f4cebd72b13953fc88,/DOC99998,/us-en/NEW-URL-DOC99998
d4f073446073d242b0cf672a8816fc7fb35ef167991bf49457a6b44fe7b36b43,/DOC99999,/us-en/NEW-URL-DOC99999
